Utilization,InferabilityRate,TaskCount
0.173850426,0.210186553,5
0.111710925,0.212371592,5
0.146412375,0.215328349,5
0.048753404,0.216195612,5
0.080445781,0.438871185,5
0.169408984,0,5
0.12073572,0.21852477,5
0.040388846,0.145551569,5
0.1175058,0.225740712,5
0.108697168,0.227402544,5
0.127131684,0.23248529,5
0.126901662,0.234496922,5
0.038354688,0.235067982,5
0.041141226,0.23619929,5
0.109926799,0.239124102,5
0.02481324,0,5
0.108187256,0.189248518,5
0.108341766,0.239642831,5
0.168844071,0.240534011,5
0.153981794,0.24391915,5
0.068057612,0.245226611,5
0.0246233,0.24637813,5
0.129747979,0,5
0.163072193,0.55576934,5
0.031419823,0.247782841,5
0.083505782,0.250711072,5
0.092804136,0.251839444,5
0.103545749,0.257273177,5
0.07191742,0.260741008,5
0.044445161,0.26448731,5
0.167095662,0,5
0.133973069,0.268291714,5
0.095132342,0.268415995,5
0.029965046,0.273292229,5
0.099349117,0.277654424,5
0.091500398,0.278070447,5
0.117465955,0.284903941,5
0.094494305,0.285434311,5
0.086010721,0.286307047,5
0.029563133,0.287198003,5
0.124594318,0.297693565,5
0.107993012,0.299731449,5
0.148469287,0.301197025,5
0.060931978,0.792665711,5
0.03859953,0.302110468,5
0.126198143,0.450079605,5
0.145053181,0.305787481,5
0.099740333,0.307265968,5
0.116430522,0.308921624,5
0.075666164,0,5
0.1054304,0.309540464,5
0.127718028,0.312185311,5
0.045922582,0.312859406,5
0.166479613,0.313095078,5
0.104304988,0.313242742,5
0.041894539,0.313452114,5
0.035684842,0.590609603,5
0.144990727,0.317869458,5
0.144929728,0.318081164,5
0.174332831,0.267486317,5
0.068768844,0.319505628,5
0.053262585,0.320034992,5
0.060564657,0.320718153,5
0.083821388,0.491165288,5
0.050448561,0.324646371,5
0.058469357,0.328635948,5
0.147838845,0.332380883,5
0.143289276,0.334262405,5
0.0283409,0.334868326,5
0.094556886,0.336431974,5
0.110862171,0.33847022,5
0.127438425,0.345151543,5
0.140933712,0.576535503,5
0.146979957,0.34720033,5
0.04683436,0.347262793,5
0.072222198,0.622109014,5
0.028226189,0.354489046,5
0.111036852,0.356125443,5
0.129024886,0.357981327,5
0.107448754,0.776291391,5
0.027920642,0,5
0.157105707,0.224456057,5
0.179826747,0.369195842,5
0.073031106,0.369791345,5
0.049099913,0.370556306,5
0.035235181,0.373249162,5
0.046050862,0.388240109,5
0.088397308,0.388296173,5
0.064079858,0.388475188,5
0.171270284,0.388883188,5
0.110268595,0.3894399,5
0.121921274,0.396537327,5
0.135683338,0.544357043,5
0.124070175,0.406204089,5
0.044290695,0.409948715,5
0.087662666,0.411126398,5
0.179085503,0.411544787,5
0.066193043,0,5
0.163125097,0.412761935,5
0.132293707,0.412779985,5
0.298017052,0.380272237,5
0.246071105,0.380598273,5
0.239122153,0.383032321,5
0.263968145,0.3849957,5
0.2349799,0.386890483,5
0.274549241,0.387300855,5
0.27780193,0.815630279,5
0.341423395,0.412560988,5
0.262355183,0.392145978,5
0.311620836,0.39232997,5
0.349904089,0.393452344,5
0.275229126,0.396213206,5
0.257960182,0.398781552,5
0.242663172,0.399163712,5
0.317376102,0,5
0.294855109,0.402235938,5
0.362803373,0.303894105,5
0.220990879,0.404451592,5
0.248995263,0.404738871,5
0.232320784,0.404747716,5
0.34300502,0.615235101,5
0.248195639,0.406134312,5
0.240741012,0.406309968,5
0.369571901,0.040480917,5
0.344207129,0.406998527,5
0.291554744,0.407653646,5
0.245102217,0.411373059,5
0.262845682,0.411983782,5
0.295936195,0.412419172,5
0.341182715,0.413525891,5
0.236812881,0,5
0.241554945,0.417679153,5
0.372508959,0.42084096,5
0.356536332,0.421570664,5
0.264995981,0.422870491,5
0.341164773,0.425445751,5
0.278739612,0.425639721,5
0.225565772,0.426503626,5
0.338029956,0.426895404,5
0.330343625,0.427709279,5
0.356125034,0.427929919,5
0.253571127,0.428730328,5
0.27066257,0.596002011,5
0.337949995,0.430459195,5
0.223048688,0.430639384,5
0.288087258,0,5
0.339055145,0.432619319,5
0.302686596,0.335459447,5
0.279274402,0.433070361,5
0.313236103,0.434448994,5
0.254133784,0.420076571,5
0.331520419,0.437585167,5
0.344132743,0.439289876,5
0.274969716,0.580223415,5
0.338339538,0.442816851,5
0.281778309,0.443176572,5
0.32133202,0.446731678,5
0.279728473,0.447069248,5
0.254008033,0.453956988,5
0.338163544,0.615161543,5
0.365690886,0.456719689,5
0.280471699,0.456880535,5
0.278033649,0.457644118,5
0.30395916,0.457706999,5
0.286508029,0.457942125,5
0.365583651,0.458521646,5
0.29723954,0.45997907,5
0.304033312,0.460546106,5
0.335857814,0,5
0.346236322,0.401399311,5
0.31602712,0.460738895,5
0.277207209,0.462046924,5
0.224404211,0.393698313,5
0.321924639,0.014493601,5
0.241415669,0.463488309,5
0.235941363,0.463841678,5
0.334408591,0.464857897,5
0.276872682,0.465183175,5
0.345325488,0.466679845,5
0.252685352,0.467501681,5
0.338854807,0.360632076,5
0.3360711,0.414161457,5
0.309828338,0.47031073,5
0.268283783,0,5
0.362772272,0.404468389,5
0.350723712,0.475754555,5
0.32610776,0.478027716,5
0.31136366,0.479566418,5
0.345167177,0.485030117,5
0.378362602,0.485924916,5
0.375448088,0.416083464,5
0.234324035,0.486859787,5
0.255186662,0.48714713,5
0.320152584,0.487603816,5
0.312198021,0.488284241,5
0.314158853,0.488460497,5
0.297613785,0.488479455,5
0.276402989,0.489564349,5
0.29715628,0.489698202,5
0.301366359,0.489868721,5
0.441063644,0.569636868,5
0.448077152,0.423997158,5
0.472664035,0.573769976,5
0.571565756,0.436169662,5
0.544227457,0.473534856,5
0.522021651,0.335253098,5
0.497081311,0.493648076,5
0.54555574,0.450318729,5
0.548422465,0,5
0.524964195,0.504891325,5
0.551150546,0.889784603,5
0.540812073,0.475158582,5
0.493662715,0.350099134,5
0.574652496,0.416043738,5
0.57580661,0.324838318,5
0.551515789,0.54839171,5
0.477638207,0.381503726,5
0.574442402,0.541151629,5
0.544756267,0.488302853,5
0.469365524,0.588608231,5
0.504876787,0.516332804,5
0.472753485,0.32582701,5
0.558157207,0.474572778,5
0.499642005,0.80898784,5
0.531615281,0.552473585,5
0.565285292,0.527548,5
0.506680008,0.419245272,5
0.562247531,0.417348799,5
0.517537331,0.53259998,5
0.560369776,0.469758559,5
0.434382115,0,5
0.422169318,0.569593913,5
0.490402668,0.42228925,5
0.520569815,0.446313258,5
0.530145112,0.430752719,5
0.560181704,0.528870848,5
0.549198632,0.547863926,5
0.523854648,0.489530808,5
0.538502658,0.550005149,5
0.535578622,0.517820362,5
0.507748182,0.493867348,5
0.453468664,0.360003192,5
0.503710551,0.460344729,5
0.488561516,0.385011856,5
0.535591145,0.736074012,5
0.509726336,0.46236474,5
0.537055973,0.551114241,5
0.481739505,0.464841986,5
0.553463302,0.359918574,5
0.497051367,0.392951974,5
0.48535632,0.334170681,5
0.543056034,0.320724684,5
0.435334255,0.503909337,5
0.486565251,0.32652089,5
0.524392788,0.362072336,5
0.576663251,0.372841879,5
0.498326217,0.463266329,5
0.522719217,0.416244281,5
0.470020022,0.562740173,5
0.495483592,0.443980935,5
0.478366755,0.532552531,5
0.498567827,0.24642206,5
0.461485924,0.545015312,5
0.422367961,0.534473445,5
0.51115275,0.386990187,5
0.422136607,0.454045398,5
0.576328918,0.512335231,5
0.555512626,0.377265049,5
0.459247686,0,5
0.509988662,0.563309261,5
0.50113805,0.316819618,5
0.512501758,0.540794548,5
0.469069415,0.167937911,5
0.536496265,0.34071614,5
0.462994922,0.337377544,5
0.552919923,0.516484438,5
0.421268411,0.522184721,5
0.54269814,0.393701926,5
0.490317946,0.354080699,5
0.44764757,0.424185912,5
0.57240971,0.707423116,5
0.528925405,0,5
0.479785967,0.48053982,5
0.555180459,0.476395263,5
0.433366659,0.370886101,5
0.55882705,0.393462762,5
0.510367341,0.473781035,5
0.436063523,0.428234018,5
0.426966613,0.513656234,5
0.431647634,0.522802014,5
0.566971553,0.510559928,5
0.465410924,0.462849673,5
0.514737066,0.341444219,5
0.497952618,0.314099501,5
0.468587159,0.554919622,5
0.564490012,0.641062777,5
0.491891633,0.522691554,5
0.555528936,0.504459213,5
0.497286311,0,5
0.507199886,0.335331768,5
0.667914643,0.550047849,5
0.72665636,0.549867257,5
0.634518601,0.549603275,5
0.642501479,0.545716528,5
0.637010574,0.545347603,5
0.769638486,0.543802814,5
0.732418315,0.539687433,5
0.621120958,0.531756981,5
0.690520885,0.519906147,5
0.735654424,0.519637362,5
0.63342162,0.519174822,5
0.743557238,0.819392076,5
0.764964831,0.507880098,5
0.633374392,0.644139742,5
0.737732331,0.661730394,5
0.687916255,0.504759592,5
0.717570419,0,5
0.740069782,0.502692799,5
0.625743887,0.502217538,5
0.654241057,0.496676803,5
0.703478937,0.491049202,5
0.721545734,0.488854429,5
0.655083592,0.486252224,5
0.698486134,0.484280595,5
0.638380296,0.482556594,5
0.766817426,0.479026309,5
0.728943215,0.478523969,5
0.684924667,0.471880897,5
0.777287858,0.469998042,5
0.707469657,0.464523782,5
0.663656015,0.461131605,5
0.638923479,0,5
0.778910221,0.457821707,5
0.767551715,0.456149882,5
0.771792555,0.450206306,5
0.710543189,0.449279455,5
0.662912391,0.448195838,5
0.647358041,0.887993288,5
0.691570029,0.443767402,5
0.724156109,0.441768385,5
0.741502017,0.440207409,5
0.72932433,0.209352541,5
0.649181329,0.438048814,5
0.69495668,0.437545547,5
0.6885443,0.436954796,5
0.651010593,0.434645578,5
0.777793453,0.429925504,5
0.703185196,0.428529859,5
0.686390631,0.427850881,5
0.708239114,0,5
0.628864288,0.569105331,5
0.664241454,0.419610055,5
0.697078241,0.419287273,5
0.629392599,0.417244843,5
0.745297389,0.414707177,5
0.641125387,0.412771465,5
0.645484671,0.408601657,5
0.740687162,0.406484548,5
0.756639808,0.405698676,5
0.691996026,0.404824857,5
0.644162997,0.614275519,5
0.697494559,0.400122481,5
0.770488078,0.399717255,5
0.670014195,0.398071979,5
0.647366164,0.394417082,5
0.736526631,0.393067511,5
0.699851429,0.383365621,5
0.633237256,0.703825918,5
0.671017355,0.381768635,5
0.683760085,0.375248385,5
0.689662185,0.372971817,5
0.73636709,0.370101603,5
0.642258984,0.367181085,5
0.661170971,0.366813084,5
0.696119057,0.696509642,5
0.641363934,0.357662892,5
0.687831909,0.354953591,5
0.749543194,0.353324735,5
0.771268855,0.530122983,5
0.712841504,0.344871233,5
0.659885111,0.34146483,5
0.630349431,0.341116433,5
0.621306773,0.340974244,5
0.620586326,0.339059003,5
0.740290654,0.335859914,5
0.686468746,0.334211121,5
0.681820895,0,5
0.722682993,0.325341287,5
0.766312784,0.325072661,5
0.704320162,0.323456844,5
0.770238877,0.320936219,5
0.752417232,0.319866519,5
0.655425052,0.31943547,5
0.745057456,0.458753658,5
0.705160386,0.317386096,5
0.689519007,0.314251537,5
0.747754227,0.31255284,5
0.771075782,0.312486523,5
0.718600489,0.30811287,5
0.70222659,0.303452192,5
0.916962887,0.489511222,5
0.8487611,0.481977828,5
0.931175986,0.051169205,5
0.854925911,0.477072376,5
0.917151321,0.474222315,5
0.968834962,0.472901019,5
0.962075812,0.472734264,5
0.86807088,0.646777672,5
0.826427475,0,5
0.834709341,0.469436993,5
0.970567907,0.820231833,5
0.838141387,0.46654418,5
0.943539581,0.461464707,5
0.93597219,0.459981408,5
0.951775957,0.455568231,5
0.839498176,0.453298507,5
0.937990855,0.482247434,5
0.959965037,0.447109206,5
0.880127567,0.446145181,5
0.859924891,0.442686909,5
0.93981554,0.692043099,5
0.921425354,0.440033372,5
0.915507287,0.315231486,5
0.915050812,0.425233293,5
0.93874485,0.42464834,5
0.918994494,0.41905565,5
0.836367209,0.418598188,5
0.835358186,0.414091027,5
0.881855409,0.413733001,5
0.946670708,0.409021374,5
0.973059102,0.403908733,5
0.911631349,0.403826053,5
0.934858901,0.403081484,5
0.93236016,0.40198456,5
0.9023709,0.401164716,5
0.934696031,0.397454879,5
0.875145163,0.387618936,5
0.861441835,0.387233988,5
0.944548715,0.385471741,5
0.820385056,0.384064194,5
0.836570108,0.175693273,5
0.943878956,0.377388106,5
0.892764188,0.608079657,5
0.897871073,0.369296772,5
0.903309118,0.368302724,5
0.976304403,0.366251925,5
0.894365182,0.363875804,5
0.895220012,0.357028731,5
0.915290321,0.748980207,5
0.904132241,0.354737943,5
0.845020295,0.348912031,5
0.905839729,0.342243711,5
0.979056847,0.341499175,5
0.896034783,0.340041111,5
0.862048193,0.333732816,5
0.957546546,0.332804385,5
0.893426682,0.326898545,5
0.847831195,0.602387966,5
0.877526513,0.321957963,5
0.863651421,0.318181868,5
0.933508096,0.314880118,5
0.821798039,0.314703132,5
0.89234995,0.604098612,5
0.870900017,0.311952879,5
0.860807665,0.310775341,5
0.974561004,0.309842235,5
0.943096675,0.306873157,5
0.955716172,0.714543908,5
0.950519331,0,5
0.843761887,0,5
0.867769206,0.295198083,5
0.915009192,0.293372754,5
0.915775782,0.291849128,5
0.967955164,0.285381226,5
0.867747348,0.282207459,5
0.822756461,0.281979887,5
0.861845321,0.605211368,5
0.862167472,0.281157519,5
0.831589798,0.275488073,5
0.902531004,0.266751437,5
0.928793526,0.2648011,5
0.889268374,0.257594921,5
0.843881655,0.244314855,5
0.891782165,0.101447094,5
0.902004598,0.239931607,5
0.940081839,0.230796312,5
0.968176812,0.579401176,5
0.893466161,0.463928366,5
0.945015329,0.221380856,5
0.902443126,0.219300587,5
0.882167449,0.218831978,5
0.844624469,0.212256767,5
0.911415569,0.209301087,5
0.875367389,0.208089096,5
0.888570228,0.20743795,5
0.85188592,0.201785766,5
0.952090251,0.196890654,5
0.866320371,0.196670744,5
0.909871922,0.192808238,5
0.917284657,0.192089464,5
0.136001507,0.262787387,7
0.17242702,0.265835906,7
0.126467092,0.265940562,7
0.08665317,0.266245505,7
0.047937264,0.266722058,7
0.043487558,0.083817498,7
0.172388739,0,7
0.048632467,0.268918531,7
0.101725707,0.270145793,7
0.075440282,0.672944422,7
0.145435795,0.274786679,7
0.070846233,0.275045385,7
0.10696359,0.275054446,7
0.139869627,0.275932337,7
0.14480192,0,7
0.142157134,0.277688989,7
0.147433566,0.279518359,7
0.162864158,0.279808634,7
0.123430478,0.281395759,7
0.147041742,0.283227015,7
0.118188588,0,7
0.135807977,0.283443487,7
0.11881525,0.283691704,7
0.11479947,0,7
0.069840508,0.286767794,7
0.156029596,0.288351771,7
0.084562091,0.289637724,7
0.028462883,0.291839334,7
0.02701316,0.291914852,7
0.118653361,0.292150588,7
0.062614128,0.294118189,7
0.042200344,0.295076435,7
0.113167771,0.295590721,7
0.132152179,0.296117834,7
0.074049312,0.296710463,7
0.033513127,0.298791153,7
0.133013088,0.299113477,7
0.025626728,0.126233472,7
0.127718347,0.30392724,7
0.137504606,0.304049488,7
0.079238557,0.309627439,7
0.066542483,0.309729428,7
0.123939589,0.310395496,7
0.070928721,0.324924427,7
0.036282075,0.314627238,7
0.025084991,0.582204985,7
0.115782695,0.314661478,7
0.090221491,0.314696149,7
0.129383694,0.316422995,7
0.128184241,0.316539767,7
0.047609748,0.319839993,7
0.138773954,0.000229129,7
0.115150128,0.322930701,7
0.168790772,0,7
0.088871894,0.325429713,7
0.147418957,0.663490346,7
0.153440038,0.328964691,7
0.152194409,0.331824646,7
0.040770464,0.331966022,7
0.110871039,0.332085802,7
0.162535569,0.080979225,7
0.022588445,0.335761056,7
0.156723284,0.337464069,7
0.098132346,0.339000721,7
0.043486954,0.339708226,7
0.111111279,0.341983036,7
0.069929377,0,7
0.046566294,0.17397501,7
0.04186495,0.345671296,7
0.084124541,0.347754075,7
0.059298132,0.349934157,7
0.132241609,0.629938736,7
0.039906671,0.353369117,7
0.066157795,0.354499304,7
0.11049771,0.360220541,7
0.162627574,0.860101007,7
0.074420129,0.795375591,7
0.102283729,0.361633739,7
0.120123486,0.362937027,7
0.069792187,0.366783231,7
0.113740964,0.367861306,7
0.04704057,0,7
0.099228377,0.373599861,7
0.084738277,0.373699968,7
0.174227019,0.455552606,7
0.031039723,0.376413774,7
0.177574471,0.377804015,7
0.087186108,0.37964929,7
0.103561536,0.45749397,7
0.138178597,0.08524035,7
0.158837467,0.383229833,7
0.085882376,0.384548793,7
0.108812133,0.177972865,7
0.070121375,0.390570296,7
0.172145535,0.391629496,7
0.06243293,0.393986071,7
0.061611717,0.395958009,7
0.129196015,0.396282217,7
0.120320863,0.398023516,7
0.119770959,0.398314097,7
0.268395253,0,7
0.256091888,0.321293727,7
0.344672275,0.321851272,7
0.296363544,0.322979307,7
0.324855725,0.834923318,7
0.368812177,0.325903205,7
0.294531138,0.328246195,7
0.30413622,0.330912521,7
0.329131913,0.33103367,7
0.253912476,0.415229582,7
0.292764257,0.334248124,7
0.315601075,0.334671161,7
0.299818278,0.335407323,7
0.251195894,0.499212289,7
0.225317236,0.337933833,7
0.357741975,0.338763648,7
0.355273926,0.338961586,7
0.333042255,0.340229509,7
0.353892068,0.719136079,7
0.234018488,0.34064473,7
0.264455139,0.344051617,7
0.289333369,0.344806268,7
0.347411746,0.348428614,7
0.228597095,0.586298055,7
0.275760852,0.349958031,7
0.303891413,0.350396675,7
0.362594953,0.351221872,7
0.271620659,0.351836634,7
0.329641291,0.355464551,7
0.324536164,0.357112186,7
0.27434553,0.358277426,7
0.372027908,0.358353025,7
0.324198534,0.358586205,7
0.325725328,0.360008791,7
0.309328813,0.416279672,7
0.250830813,0,7
0.259862154,0,7
0.285346375,0.365959782,7
0.273270521,0.87591683,7
0.23308827,0.367448515,7
0.265117626,0.369791421,7
0.307342775,0,7
0.269393313,0.372008738,7
0.28613247,0.380555061,7
0.227348163,0.382285633,7
0.368026525,0.38438984,7
0.267820205,0.384721498,7
0.36318223,0.606905639,7
0.235040898,0.386320628,7
0.260746038,0.386504372,7
0.234623089,0.386912975,7
0.310597728,0.387455272,7
0.344240924,0.389447845,7
0.321988793,0.389817019,7
0.340747669,0.154621012,7
0.277416741,0.391186707,7
0.276226959,0.515461398,7
0.24651452,0.443990389,7
0.314951584,0.396461083,7
0.352153001,0.58363137,7
0.249625892,0.40021015,7
0.312050485,0.402055104,7
0.335629007,0.402514653,7
0.300020469,0.405102538,7
0.236473055,0.408987749,7
0.359193793,0.410143415,7
0.251964333,0,7
0.289104261,0.413831301,7
0.247786903,0.413855675,7
0.240084379,0.415654652,7
0.367626581,0.4183608,7
0.321375552,0.419032142,7
0.294279327,0.420492329,7
0.377527451,0.42070322,7
0.372973026,0.421161702,7
0.25353257,0.54434865,7
0.223524762,0.451575895,7
0.242800454,0.721154126,7
0.250206924,0.68160177,7
0.369206189,0.568497632,7
0.339563691,0.429715658,7
0.360211528,0.430075135,7
0.317519997,0.431175175,7
0.29610997,0.369494745,7
0.289949067,0.435784472,7
0.243454612,0.436664072,7
0.280324459,0.43829028,7
0.232639518,0.44100044,7
0.278112883,0.44120904,7
0.303155738,0.442241839,7
0.324370482,0.446218359,7
0.320205352,0,7
0.363065341,0.449001093,7
0.247892536,0.450286043,7
0.32533075,0.451012088,7
0.343308482,0.436919454,7
0.290614325,0.453495869,7
0.336842245,0.456416378,7
0.286535634,0.456783389,7
0.2225527,0.528993741,7
0.534856206,0.304477282,7
0.524889634,0.378241619,7
0.520216225,0.419520907,7
0.430822358,0.370207445,7
0.510332762,0.305243955,7
0.474395775,0.433862431,7
0.555743201,0.332324731,7
0.430682207,0.329844801,7
0.433111061,0.528557993,7
0.564527912,0.389438864,7
0.514120051,0.783525036,7
0.579353185,0.309152385,7
0.440077876,0.352421142,7
0.570309402,0.417268965,7
0.524634856,0.407376832,7
0.44192941,0.074464551,7
0.523483664,0.832842029,7
0.45531145,0.515699473,7
0.548154899,0.394707457,7
0.491402884,0.448979214,7
0.566304137,0.468177323,7
0.538818922,0.406708624,7
0.501713592,0,7
0.438701983,0.468116235,7
0.512223647,0.382187706,7
0.498589822,0.104680844,7
0.575399298,0.528959462,7
0.570099315,0.319947136,7
0.491210557,0.486977635,7
0.578243183,0.417184825,7
0.543057703,0.522277724,7
0.432237497,0.422135915,7
0.433773449,0.413617389,7
0.459356701,0.078776093,7
0.501943548,0.340229409,7
0.571879211,0.446949601,7
0.439155199,0.369427924,7
0.427769529,0.494072033,7
0.556322054,0.344155439,7
0.486138164,0.308715203,7
0.554596749,0.423539385,7
0.467983182,0.462872048,7
0.542470706,0.488696059,7
0.540048962,0.430915521,7
0.505004914,0.400520237,7
0.524519939,0.385035008,7
0.471089634,0.367365866,7
0.542796021,0.035761098,7
0.476388633,0.457876042,7
0.476693617,0.83788512,7
0.478752316,0.498672118,7
0.56245228,0,7
0.517139036,0.506265063,7
0.527700386,0.37142125,7
0.530225183,0.058842976,7
0.433689744,0.507662502,7
0.44282626,0.346616121,7
0.535522785,0.328978184,7
0.445884074,0.472982695,7
0.561170703,0.311398805,7
0.443799279,0.472482289,7
0.542291265,0.447735339,7
0.481543175,0.307097089,7
0.577782414,0.476464301,7
0.484195293,0.314233232,7
0.563638584,0.537394804,7
0.48743242,0.387026252,7
0.448581367,0.432396547,7
0.494393917,0.3023741,7
0.497847712,0.342797501,7
0.556546519,0.60140685,7
0.565582129,0.36663113,7
0.474366977,0.515721375,7
0.509321113,0.359999867,7
0.421907453,0,7
0.568699085,0.683075918,7
0.515824519,0.48003574,7
0.552299892,0.524906217,7
0.488787976,0.020803867,7
0.43649749,0.354929727,7
0.449461678,0.375808093,7
0.491477028,0.423622695,7
0.48553423,0.425778092,7
0.554340378,0.502457035,7
0.489704655,0.34154903,7
0.475475757,0.299789884,7
0.470950143,0.458938873,7
0.571085273,0.362767531,7
0.546919932,0.225115924,7
0.530539196,0.066652319,7
0.560510722,0.475511696,7
0.470916696,0.366484399,7
0.571419359,0.325751773,7
0.525608643,0.224390703,7
0.531454389,0.50667558,7
0.559293038,0.475194507,7
0.489480313,0.517779839,7
0.506013745,0.460618014,7
0.531294475,0.7780426,7
0.481507935,0.101377705,7
0.636331601,0.509186258,7
0.734634023,0.50576094,7
0.695466776,0.502501063,7
0.76392756,0.470120338,7
0.648247651,0.295868461,7
0.677713887,0.496194711,7
0.621107261,0.812952644,7
0.734432978,0.482365438,7
0.632410309,0.555834592,7
0.76359888,0.480118263,7
0.658121217,0.479898402,7
0.670733444,0.476050225,7
0.671059848,0.473318927,7
0.708984509,0.47272756,7
0.646796581,0.472322932,7
0.650729443,0.471080314,7
0.653147159,0.469194115,7
0.69323539,0.46548312,7
0.742455057,0.463572836,7
0.680774712,0.08,7
0.769514886,0.455992691,7
0.643711046,0.453619246,7
0.72209557,0.450072155,7
0.659495718,0.44977524,7
0.69575665,0.449254548,7
0.696973106,0.447065266,7
0.741713317,0.444726361,7
0.763369031,0.441773638,7
0.65783078,0.369835656,7
0.723214367,0.439231671,7
0.722181858,0.433985408,7
0.717011813,0.432425463,7
0.69489573,0.430839457,7
0.627331315,0.430525339,7
0.769458681,0.46561636,7
0.742695039,0.428764179,7
0.759658275,0.428252309,7
0.758775111,0.426379582,7
0.731740473,0.425856919,7
0.632249416,0.424960106,7
0.629528162,0.238653371,7
0.648026704,0.421313567,7
0.710380782,0.4180261,7
0.719365679,0.697447049,7
0.627019143,0.413117067,7
0.718011677,0.408193372,7
0.672355812,0.249335165,7
0.663059838,0.080480457,7
0.747841143,0.396686339,7
0.776244791,0.390129667,7
0.653266505,0.388550887,7
0.634886762,0.386101782,7
0.777888632,0.591672833,7
0.67897572,0.380567707,7
0.693748488,0.373161442,7
0.746757752,0.370704597,7
0.624016521,0,7
0.665520707,0.362373656,7
0.763109275,0.36222256,7
0.722455039,0.750332714,7
0.642852953,0.3577982,7
0.745475569,0.783871183,7
0.713696942,0.355754016,7
0.669804504,0.35536828,7
0.768036354,0.354236923,7
0.743084246,0.353270636,7
0.737645429,0.350008876,7
0.703690974,0.346082977,7
0.773806617,0.601687567,7
0.733213117,0.343913271,7
0.701014966,0.343451751,7
0.632390014,0.342924154,7
0.742156661,0.334716239,7
0.733080064,0.034942818,7
0.660313841,0.330275706,7
0.672583958,0.324790976,7
0.718349257,0.322807568,7
0.774221144,0.565737887,7
0.666665423,0.31711597,7
0.750155369,0.316422012,7
0.667165539,0.582519732,7
0.765137025,0.609941529,7
0.680450602,0.31305855,7
0.721780964,0.310815739,7
0.770541465,0.309774196,7
0.698413427,0.309202588,7
0.639826231,0.307424232,7
0.672490594,0.324574334,7
0.674516275,0.330402247,7
0.710823828,0,7
0.692206837,0.299824568,7
0.714860242,0.597094769,7
0.653674902,0.297294433,7
0.710077318,0.612638882,7
0.629607365,0.291416007,7
0.659652617,0.287507166,7
0.625969332,0.286166463,7
0.645590174,0.2861289,7
0.663091343,0.283664585,7
0.63293598,0.270249058,7
0.860783891,0.456372216,7
0.82350862,0.451254575,7
0.896018563,0.445172855,7
0.893564008,0.44069017,7
0.935621151,0.531686376,7
0.905834446,0.435128545,7
0.897948323,0.433774644,7
0.860001107,0.431602171,7
0.902461291,0.429447138,7
0.878976145,0.428160979,7
0.969843524,0.428078751,7
0.95896763,0.41996593,7
0.89058383,0.416267893,7
0.885769541,0.412711202,7
0.934939179,0.409315117,7
0.894753483,0,7
0.979742395,0.406962924,7
0.846930602,0.405762926,7
0.925247873,0.40325607,7
0.938005719,0.49095001,7
0.850671296,0.399460222,7
0.967789824,0.399254796,7
0.911832934,0.396362187,7
0.823324835,0.393722586,7
0.8362122,0.393113902,7
0.838700416,0.391574719,7
0.97432982,0.388615415,7
0.907239395,0.387556799,7
0.946247306,0.379241171,7
0.829498417,0.729812323,7
0.956787692,0.37813694,7
0.843542396,0.376564641,7
0.911101848,0.727497853,7
0.88210519,0.367753154,7
0.836222525,0.367148646,7
0.828829918,0.364347615,7
0.827281952,0.356815774,7
0.842253649,0.35608512,7
0.844266569,0.281054815,7
0.881294526,0.343194296,7
0.877152892,0.327693926,7
0.945862729,0.326576864,7
0.939601785,0.3264605,7
0.951594853,0.324284903,7
0.916788895,0.320407582,7
0.858428617,0.083319819,7
0.967465142,0.318261948,7
0.836979499,0.317087633,7
0.858356932,0.316751677,7
0.91166164,0.313005005,7
0.903887517,0.312554294,7
0.886480498,0.311505272,7
0.899994379,0.306536261,7
0.93546316,0.306119261,7
0.95632057,0.303012475,7
0.919965743,0.300563581,7
0.956794107,0.290210974,7
0.928022402,0.397126464,7
0.950096535,0.281952652,7
0.965825231,0.281639211,7
0.968737463,0.268139554,7
0.934152438,0.266846431,7
0.870154197,0.265542193,7
0.892019505,0,7
0.836642611,0.259336231,7
0.956795434,0.246313435,7
0.956078914,0.190373471,7
0.931454548,0.238129502,7
0.97215435,0.237677056,7
0.837695118,0.230645298,7
0.927271804,0.221835676,7
0.967351861,0.217666484,7
0.894846397,0.215667553,7
0.974160123,0.215286688,7
0.964566242,0.214658408,7
0.851911566,0.213089765,7
0.923278859,0.209309435,7
0.871055383,0,7
0.909503633,0.207882373,7
0.90454195,0.206017172,7
0.938259469,0.205548612,7
0.864850648,0.204895769,7
0.843852206,0.204818645,7
0.964665688,0,7
0.918820448,0.203719887,7
0.853062635,0.202565181,7
0.851053311,0.779359719,7
0.864236166,0.201107391,7
0.82440695,0.200989964,7
0.866351129,0.747485362,7
0.82818449,0.186639102,7
0.892463474,0.186058689,7
0.875483965,0.180692517,7
0.938649541,0.178177801,7
0.919332685,0.613328723,7
0.825613144,0.174646446,7
0.879838002,0.172612706,7
0.870982205,0.165246599,7
0.977979827,0.164729888,7
0.97107301,0.161994557,7
0.138249338,0.213473739,9
0.107971016,0.213960378,9
0.037471142,0.21404196,9
0.08987304,0.214800003,9
0.08235568,0.215821671,9
0.062566361,0.217541522,9
0.047150503,0.217684344,9
0.13367587,0.222425122,9
0.143897473,0.226173136,9
0.036438937,0.229505063,9
0.116431837,0,9
0.090822192,0.232833629,9
0.166871162,0.232890678,9
0.089595336,0.087383073,9
0.097306613,0.234151217,9
0.1122826,0.234238649,9
0.160294422,0.235155902,9
0.115700674,0.23626747,9
0.12247117,0.236449048,9
0.03135644,0.238360461,9
0.179187934,0.239044053,9
0.084880634,0.239395387,9
0.036952871,0.242303372,9
0.130322367,0.610552047,9
0.143832302,0.24708099,9
0.154732462,0.425538654,9
0.058552999,0.249161281,9
0.054393713,0.220711501,9
0.065178306,0.2531394,9
0.123031013,0.253188629,9
0.080991517,0.595100835,9
0.101778091,0.256755328,9
0.159943728,0.261432736,9
0.140484431,0.26238302,9
0.056221504,0.263836942,9
0.137197217,0.077352476,9
0.100374946,0.26747386,9
0.09280667,0.269356177,9
0.147504852,0.271233324,9
0.146071214,0.271961378,9
0.030764749,0.273404724,9
0.09584612,0.276428366,9
0.09930828,0.223073802,9
0.136387987,0.280654884,9
0.03444767,0.28311589,9
0.171755607,0.866433342,9
0.043894922,0.290043425,9
0.064682194,0.291221712,9
0.056909472,0.291610224,9
0.10397214,0.06,9
0.067611252,0.294713012,9
0.100559773,0.295790864,9
0.080795976,0.297909757,9
0.139652894,0.299647605,9
0.105711915,0.301158101,9
0.06261778,0.301307345,9
0.119176074,0.303376802,9
0.105505201,0.305364011,9
0.068228637,0.305521827,9
0.149801644,0.306093562,9
0.146346226,0.306932141,9
0.06902519,0.836356938,9
0.080335668,0.309251994,9
0.110532102,0.313453869,9
0.023100358,0.311516723,9
0.088385147,0.313323012,9
0.094605235,0.314215155,9
0.135167711,0.315261555,9
0.070467102,0.320724705,9
0.126297606,0.320903757,9
0.10992695,0.321360865,9
0.137319634,0.325907899,9
0.102524308,0.326517353,9
0.141227751,0.815235577,9
0.143402515,0.329921352,9
0.135188502,0.332104705,9
0.137555743,0.600015818,9
0.039990318,0.015388411,9
0.044457573,0.343163664,9
0.127087131,0.344861807,9
0.0697867,0.346772098,9
0.177223586,0.442345981,9
0.099122728,0.350551738,9
0.058175175,0.353312523,9
0.082113564,0.01,9
0.066787029,0.355080958,9
0.034771126,0.356429925,9
0.030559974,0.356644142,9
0.177566688,0.356796133,9
0.150038626,0.326113567,9
0.071385699,0.362593016,9
0.106922716,0.362843168,9
0.132659512,0.363552022,9
0.096137779,0.363989837,9
0.096461645,0.366000971,9
0.090233914,0.368749986,9
0.160054881,0.376966027,9
0.169701905,0.37799818,9
0.026126107,0.378313557,9
0.148354214,0.379432987,9
0.249900264,0.302077688,9
0.292194754,0.304447398,9
0.270063539,0.307758521,9
0.346356312,0.309091459,9
0.284494447,0.680978523,9
0.317677265,0.314034224,9
0.23318155,0.317908385,9
0.238048445,0.318280843,9
0.327156922,0,9
0.376653465,0.320369355,9
0.22251972,0.320711738,9
0.2660692,0.507778691,9
0.2700152,0.321695371,9
0.373215304,0.321946173,9
0.353949378,0.321949476,9
0.304023405,0.32222597,9
0.302144875,0.322944231,9
0.331856991,0.324032251,9
0.311524764,0.327686625,9
0.309667151,0.329062779,9
0.345337174,0.560794832,9
0.360846114,0.331290417,9
0.280392309,0.332286938,9
0.268028174,0.333340331,9
0.282157209,0.333391929,9
0.244753905,0.334178053,9
0.222385891,0.337974565,9
0.24355415,0.338230539,9
0.304038389,0.338775006,9
0.3705558,0.339405544,9
0.339097412,0.603066915,9
0.346954334,0.080983954,9
0.266482562,0.344062056,9
0.364207183,0.34411176,9
0.373469769,0.241562091,9
0.362877878,0.345973398,9
0.350877452,0.347248952,9
0.352568487,0.844846393,9
0.247915235,0.348465183,9
0.280953413,0.34871979,9
0.31454144,0.349644501,9
0.310564354,0.354915891,9
0.274199479,0.111769835,9
0.268770842,0,9
0.348309474,0.359468081,9
0.303745754,0.360337979,9
0.289650859,0.360502995,9
0.305418434,0.361587466,9
0.225393225,0.361964782,9
0.232187734,0.362425895,9
0.243692095,0.362964935,9
0.284298608,0.363513118,9
0.349475898,0.365945524,9
0.343740538,0.366423091,9
0.320675817,0.366917229,9
0.370874409,0.368530015,9
0.287752097,0.369674665,9
0.320922599,0.370865566,9
0.316693937,0.371097376,9
0.344881103,0.371722573,9
0.272400302,0.373368875,9
0.340788659,0.373371419,9
0.295717152,0.373912818,9
0.30206962,0.378678847,9
0.237524952,0.381837267,9
0.303158472,0.382381814,9
0.265063953,0.384263599,9
0.223098191,0.384614058,9
0.337637629,0.391337414,9
0.298300803,0.392004491,9
0.370638971,0,9
0.32146171,0.392521802,9
0.319753241,0.392862288,9
0.29373093,0.39355175,9
0.226769322,0.39779014,9
0.307403071,0.397868799,9
0.225075106,0.398173761,9
0.263331879,0.399559567,9
0.313404978,0.401418218,9
0.351040047,0.403641298,9
0.360026649,0.406137347,9
0.232005833,0.17160716,9
0.298782746,0.41148666,9
0.360979141,0.41279569,9
0.283357156,0.413222726,9
0.335476322,0.098863116,9
0.374827603,0.415558127,9
0.350351421,0.876934562,9
0.279551139,0.416644148,9
0.247565264,0,9
0.359918156,0.418940369,9
0.244331743,0.420936798,9
0.347195924,0.420985541,9
0.229945251,0.218490525,9
0.325278987,0.423571283,9
0.349328257,0.423872048,9
0.338661156,0.514957506,9
0.280419333,0.43567523,9
0.29881455,0.436597527,9
0.225394566,0.115753428,9
0.52657266,0.274599993,9
0.43219347,0.274841292,9
0.443426275,0.278448685,9
0.51029257,0.279031985,9
0.522201813,0.620301516,9
0.523174927,0.283915032,9
0.477949843,0.284302562,9
0.425953085,0.410549964,9
0.453626876,0.285342156,9
0.57950087,0.286343116,9
0.470583273,0,9
0.531011343,0.293045246,9
0.492822319,0.293588997,9
0.539703815,0.294190543,9
0.422152602,0.29641796,9
0.526567598,0.304586321,9
0.524034723,0.308086787,9
0.551221978,0.312199925,9
0.446349625,0.315545658,9
0.526762954,0.31619075,9
0.497265654,0.31699823,9
0.541260616,0.31843076,9
0.533814986,0.321960004,9
0.550789687,0.322603128,9
0.420103103,0.604148416,9
0.529762007,0.32552982,9
0.442687703,0.328003647,9
0.504582619,0.329534827,9
0.533802471,0.329987131,9
0.527381188,0.405261492,9
0.526606949,0.3309851,9
0.57279533,0.331161368,9
0.504805187,0,9
0.458729308,0.336975596,9
0.488304451,0.33886131,9
0.515192939,0.346031765,9
0.446031488,0.349370047,9
0.456915823,0.354798817,9
0.478885489,0.357471212,9
0.47886591,0.361651829,9
0.548468371,0.362130118,9
0.571141967,0.363730701,9
0.544919105,0.365709125,9
0.461476042,0.523952932,9
0.5519644,0.373169186,9
0.451519306,0.374811595,9
0.574436205,0.154131403,9
0.504071577,0.383558673,9
0.517563094,0.384376339,9
0.549690614,0.38468759,9
0.430143604,0,9
0.577355648,0.448498913,9
0.563836369,0.389831195,9
0.551165024,0.392179394,9
0.48705981,0.392433069,9
0.519305907,0.392996523,9
0.572897054,0.393175703,9
0.471876637,0.394644309,9
0.567405479,0.394878471,9
0.505190092,0.258577611,9
0.564735958,0.406665945,9
0.467487545,0.407384641,9
0.432918661,0.40823324,9
0.494914508,0.623438631,9
0.463343545,0.409780045,9
0.459565005,0.35003415,9
0.472168954,0.41702752,9
0.505542967,0.419370134,9
0.554310274,0.423645167,9
0.42802355,0.473258193,9
0.518523772,0.428927162,9
0.538283648,0.429479468,9
0.429791115,0.434064691,9
0.488139838,0,9
0.429024583,0.442253489,9
0.523545998,0.446525472,9
0.516062787,0.325311233,9
0.450427972,0.446853548,9
0.481985587,0.452125485,9
0.494878379,0.151743902,9
0.471325705,0.45979258,9
0.493840572,0.46196178,9
0.547183458,0.464469028,9
0.531329251,0.465539644,9
0.5322853,0.466539673,9
0.464215704,0.468434104,9
0.557793798,0.47159616,9
0.485840185,0.335657195,9
0.561134935,0.477739815,9
0.573667366,0.478312422,9
0.43365189,0.481069278,9
0.452780293,0.487368426,9
0.571509552,0.488557193,9
0.501966667,0.491844951,9
0.51796586,0.492756411,9
0.515485521,0.49305868,9
0.519450377,0.493472849,9
0.505892345,0.496189119,9
0.541570671,0.499014364,9
0.438507632,0,9
0.732820324,0.468641137,9
0.682268202,0.465753956,9
0.740537587,0.691206745,9
0.6244829,0.463721507,9
0.723958926,0.459410625,9
0.634614731,0.458966103,9
0.624840366,0.325272914,9
0.708487392,0.074641291,9
0.768929969,0.457363441,9
0.637429186,0.457161392,9
0.668018572,0.456035228,9
0.720858393,0.455075048,9
0.648441514,0.454380623,9
0.627999161,0.452866299,9
0.745019117,0.452700256,9
0.677858762,0.427995638,9
0.755016757,0.448644972,9
0.73515445,0.446159234,9
0.766822657,0.443489975,9
0.718036005,0.442099342,9
0.661935375,0.441432061,9
0.765335267,0.440089826,9
0.70381497,0.439951936,9
0.65820028,0,9
0.764576697,0.430821962,9
0.722377178,0.430452273,9
0.645925991,0.408231059,9
0.730866291,0.421215651,9
0.625919723,0.420359978,9
0.639556955,0.417027954,9
0.661262753,0.416714706,9
0.673742621,0.416270452,9
0.740667287,0.415276765,9
0.698866378,0.414054567,9
0.723186676,0.408380717,9
0.681112341,0.405916393,9
0.625204613,0.395292335,9
0.668808981,0.394199851,9
0.682065652,0.393138335,9
0.644625144,0.392470301,9
0.712589936,0.383783157,9
0.678201564,0.383141628,9
0.750627474,0.382157202,9
0.685244879,0.487092285,9
0.638235013,0.378061767,9
0.743222708,0.377928652,9
0.718231029,0.372771022,9
0.73655503,0.202370396,9
0.695992918,0.357273998,9
0.666846821,0,9
0.701964716,0.353719352,9
0.657017965,0.510596508,9
0.684615422,0.848796965,9
0.681663094,0.348856598,9
0.686742285,0.345535965,9
0.637585111,0.342378638,9
0.653946521,0.792464201,9
0.752045507,0.337707913,9
0.621851371,0.335096305,9
0.764537781,0.327444837,9
0.778803395,0.323720485,9
0.726229469,0.321943318,9
0.758826208,0.320094165,9
0.679702421,0.318101083,9
0.681568699,0.314164695,9
0.659617356,0.311452943,9
0.768274867,0.310137378,9
0.677193767,0.306915544,9
0.636766919,0.298221411,9
0.652468816,0.718453523,9
0.720267729,0.302763988,9
0.699865574,0.302435622,9
0.71747574,0.30214192,9
0.714500285,0.300622268,9
0.742130541,0.300251976,9
0.663543234,0.299305982,9
0.715824888,0.299010596,9
0.706067365,0.298494841,9
0.763675087,0,9
0.73574792,0.294158207,9
0.667541003,0.293475574,9
0.764635294,0.219584859,9
0.717151359,0.284653081,9
0.768650765,0.284124026,9
0.666354526,0.281705335,9
0.673144262,0.279802508,9
0.76360652,0.273983519,9
0.75329674,0.273762302,9
0.759015092,0.273171877,9
0.680479074,0.272366458,9
0.655408062,0.27209726,9
0.680946144,0.040545095,9
0.705143485,0.270505254,9
0.76703415,0.266690585,9
0.711162174,0.26473178,9
0.76412934,0.264082022,9
0.663819631,0.263115469,9
0.670846253,0.258369347,9
0.699574192,0.255742716,9
0.685036047,0.251254144,9
0.934120548,0.423244355,9
0.855723289,0.377407798,9
0.858614278,0.376602087,9
0.954808916,0.375430034,9
0.909519784,0.374240715,9
0.968381317,0.370590935,9
0.949777564,0.369821406,9
0.930485961,0.369541407,9
0.844023887,0.3687029,9
0.841922695,0.363472112,9
0.866986221,0.360686821,9
0.898179123,0.359892782,9
0.900413088,0.359712588,9
0.840339101,0.358786154,9
0.831488182,0.358154699,9
0.891522755,0.357558168,9
0.906208735,0.357331754,9
0.923772607,0.355524221,9
0.941630444,0.352812833,9
0.85667717,0.351731435,9
0.876451204,0.350671845,9
0.887480127,0.348301313,9
0.911858713,0.34589614,9
0.960963807,0,9
0.974809553,0.472457548,9
0.881135373,0.339118761,9
0.94797068,0.335394993,9
0.978919462,0.333705066,9
0.83258598,0.332868244,9
0.891315124,0.339404078,9
0.876937929,0.330658774,9
0.920171507,0.327870182,9
0.933929197,0.32538821,9
0.944556962,0.407100351,9
0.879827512,0.319356235,9
0.829817448,0.319129886,9
0.941396251,0.315633347,9
0.889615792,0.314756192,9
0.945905178,0.31089365,9
0.822337182,0.310176529,9
0.837985383,0.309560466,9
0.876735733,0.308952352,9
0.971131303,0.40627645,9
0.827282075,0.299881915,9
0.926289884,0.286621139,9
0.952991089,0.285874876,9
0.954000322,0.284176508,9
0.824525586,0.679585392,9
0.951142672,0,9
0.9169716,0.275560929,9
0.890429857,0.274153326,9
0.919032051,0.264311072,9
0.862559136,0.260540675,9
0.921673036,0.026182432,9
0.823947759,0.255652776,9
0.853161087,0.252189249,9
0.914316342,0.250939026,9
0.843811718,0.246165704,9
0.872059136,0.241381886,9
0.927343167,0.236988176,9
0.872593274,0.236264915,9
0.970985259,0.318303295,9
0.838342284,0.231699456,9
0.836133114,0.229835148,9
0.825753154,0.669666522,9
0.825556744,0.216364378,9
0.842139235,0.215742833,9
0.861520873,0.289758536,9
0.899220844,0.210315566,9
0.829779857,0.210219101,9
0.944391766,0.209353716,9
0.909708917,0.20673587,9
0.965152822,0.206234833,9
0.901096956,0.487707678,9
0.831803586,0.542985481,9
0.970597523,0.197128788,9
0.945833134,0.195791574,9
0.85984046,0.194208843,9
0.88902021,0.19018677,9
0.956588212,0.189670151,9
0.880613482,0.180368401,9
0.903732102,0.176487882,9
0.837525103,0.170520216,9
0.961710822,0.056489886,9
0.894968216,0.162275332,9
0.855781915,0,9
0.871716113,0.158669994,9
0.968223436,0.158661663,9
0.923127122,0.156421266,9
0.934504266,0.156049533,9
0.843062955,0.154772618,9
0.830419501,0.153344423,9
0.892808121,0.620157581,9
0.951082146,0.151019954,9
0.850291057,0.149735009,9
0.851838142,0.410634169,9
0.909052415,0.147911277,9
0.83911086,0.147618072,9
0.838095077,0.141419068,9
0.90153394,0.140681215,9
0.100437822,0.18411815,11
0.168840237,0.568611658,11
0.116259865,0.187519171,11
0.136418006,0.187955717,11
0.023031063,0.188503576,11
0.108405161,0.190556243,11
0.130472754,0.190700241,11
0.141439006,0.192972589,11
0.109379345,0.193246642,11
0.157272112,0,11
0.168445715,0.196751244,11
0.171511105,0.197952073,11
0.055796634,0.168943001,11
0.077396705,0.198963262,11
0.103715549,0.202565463,11
0.160000514,0.0208536,11
0.051671649,0.20861896,11
0.143585237,0.208794319,11
0.037940407,0.209052753,11
0.024269823,0.598075806,11
0.025591554,0.212627999,11
0.12680738,0.214473048,11
0.142135031,0.214786804,11
0.06238296,0.218558447,11
0.168951797,0.219012257,11
0.119753554,0.219579273,11
0.080276699,0.260115719,11
0.126067592,0.821938398,11
0.174326588,0.221607217,11
0.074360774,0.224270311,11
0.038002624,0.231511039,11
0.085521249,0.232506668,11
0.16278652,0.233108223,11
0.114135019,0.235349585,11
0.177987496,0.235672186,11
0.081830307,0.236927805,11
0.050636784,0.693067449,11
0.104629099,0,11
0.027454539,0.24546481,11
0.058214087,0.251944902,11
0.126461815,0.638220478,11
0.112708122,0.25520727,11
0.027791503,0.659568479,11
0.144438546,0.257997392,11
0.078472468,0.25949874,11
0.025654773,0.261243951,11
0.136181305,0.26143119,11
0.032139185,0.26236831,11
0.062960863,0.263384525,11
0.161648787,0.264074135,11
0.179045072,0.26751141,11
0.078949063,0.268172858,11
0.076446578,0.269514972,11
0.141104093,0.271011055,11
0.078294768,0.272714857,11
0.089478997,0.274201958,11
0.104009129,0.279528406,11
0.138041654,0.283008359,11
0.055253131,0.283026446,11
0.154945124,0.284018218,11
0.110090415,0.286571175,11
0.04759058,0.287386647,11
0.046331603,0.288103775,11
0.096911839,0.28922079,11
0.093702067,0.290902633,11
0.05675328,0.292698893,11
0.044221658,0.294380412,11
0.035042694,0.295794857,11
0.046435011,0.296337715,11
0.099560171,0.299998402,11
0.164689526,0.609351588,11
0.100036325,0.303276642,11
0.125290624,0.304388564,11
0.097322181,0,11
0.160992272,0.288534883,11
0.047074668,0.308979604,11
0.132855437,0.310505099,11
0.166651905,0.311809994,11
0.14051434,0.311837506,11
0.081756421,0.313793243,11
0.147538032,0.317535179,11
0.095095296,0.314694002,11
0.142871011,0.321770461,11
0.107781649,0.324200929,11
0.034781753,0.32451407,11
0.108514317,0.74893762,11
0.022471949,0.326810087,11
0.066300601,0.621773001,11
0.071691182,0.329724521,11
0.044234319,0.334766867,11
0.028606349,0.338283066,11
0.173841318,0.340140031,11
0.170789504,0.341533681,11
0.153318606,0.342327052,11
0.133346979,0.629796354,11
0.039737926,0.349181024,11
0.137617539,0.352594579,11
0.056949339,0.353121318,11
0.10688449,0.359543856,11
0.025782325,0.359744759,11
0.314878803,0.270509834,11
0.282865583,0,11
0.321348976,0.052480101,11
0.297756686,0.276555815,11
0.23561686,0.27768131,11
0.27649599,0.279281734,11
0.324512506,0.280129856,11
0.368649447,0.699188309,11
0.334189829,0.281424323,11
0.261214441,0.283345459,11
0.333035306,0.283645019,11
0.239712971,0.287072892,11
0.356883428,0.288583464,11
0.242433172,0.288824016,11
0.342946916,0.290669658,11
0.366926799,0.293359802,11
0.259058808,0.294644353,11
0.279724041,0.295495695,11
0.370026767,0.29571137,11
0.233695233,0.295945271,11
0.287920482,0.296013742,11
0.339513003,0.296337914,11
0.277209377,0.298255099,11
0.288677836,0.300016539,11
0.323940708,0.30040979,11
0.342436581,0.30160414,11
0.317969582,0.302963859,11
0.371646505,0.303996836,11
0.353167719,0.304261869,11
0.241765373,0.304749285,11
0.348312295,0.306993544,11
0.223253075,0.30961858,11
0.254530134,0,11
0.289713447,0.314238343,11
0.318108164,0.314815287,11
0.292283027,0.315196273,11
0.372082043,0.318750433,11
0.316304833,0.403503102,11
0.221497947,0.325975245,11
0.375842286,0.326640527,11
0.363864917,0.327367453,11
0.266278806,0.331937216,11
0.375754958,0.332068102,11
0.37897567,0.628443618,11
0.244404456,0.33272839,11
0.278304924,0.332812476,11
0.246497031,0.332841472,11
0.353209789,0.333450163,11
0.362909496,0.573906151,11
0.373380632,0.334324951,11
0.373898196,0.338540068,11
0.27562886,0.340964415,11
0.299683615,0.341423652,11
0.343992856,0.653817035,11
0.243381722,0.342664629,11
0.340049728,0.34311267,11
0.367337382,0.343836383,11
0.271610168,0.344155084,11
0.240714363,0.345690066,11
0.321506067,0.345816531,11
0.312715748,0.346550921,11
0.26614215,0.347844305,11
0.372871517,0.349442032,11
0.32218812,0.149890134,11
0.234984106,0.352192646,11
0.237818436,0.35333741,11
0.256158493,0.40762379,11
0.3101575,0.355171194,11
0.293549795,0,11
0.237674134,0.362349491,11
0.337933368,0.362375657,11
0.31454147,0.362434757,11
0.34718231,0.362497009,11
0.318143949,0.171136561,11
0.304951344,0.373442645,11
0.374530504,0.374719428,11
0.292607382,0.376868521,11
0.279244822,0.377181894,11
0.306162554,0.381291338,11
0.242477593,0.381667267,11
0.372216807,0.381917523,11
0.352285618,0.383553576,11
0.352358603,0.383962316,11
0.321282989,0.384111926,11
0.362188789,0.384776448,11
0.372149001,0.385149058,11
0.343298835,0.385315356,11
0.312507334,0.385897845,11
0.297625443,0.386730877,11
0.248680377,0.387390771,11
0.237623714,0.387932388,11
0.353506603,0.38832861,11
0.237501097,0.390641371,11
0.331076927,0.321714644,11
0.350503625,0.392799886,11
0.379119175,0.393431985,11
0.249572634,0.394012529,11
0.316094163,0.397600602,11
0.282501233,0,11
0.323328389,0.399523368,11
0.426730324,0.422052626,11
0.48480573,0.317392118,11
0.444375657,0.35499201,11
0.566200235,0.455604147,11
0.488881347,0.433945375,11
0.458641103,0.457897818,11
0.450698669,0.387631996,11
0.529723791,0.378313685,11
0.463349075,0.390064344,11
0.579296956,0.534018992,11
0.521187771,0.458253064,11
0.539373507,0.403188615,11
0.434278611,0.328650249,11
0.516148768,0.3405692,11
0.559531938,0.30616401,11
0.454940642,0.3047227,11
0.443983227,0.312480105,11
0.559618241,0.421474194,11
0.4795284,0.430009483,11
0.436186061,0.28117741,11
0.499740266,0.476081909,11
0.528315871,0,11
0.561286131,0.370631328,11
0.427862532,0.334515377,11
0.424094221,0.338436515,11
0.514884896,0.875830045,11
0.431372848,0.442366315,11
0.547905272,0.306895251,11
0.564014344,0.361386111,11
0.478017208,0.322722765,11
0.489220663,0.403627221,11
0.546035773,0.391967001,11
0.55125953,0.280340758,11
0.452403065,0.449387318,11
0.575200974,0.452089016,11
0.446770327,0.356191174,11
0.514680601,0.325233651,11
0.576150711,0.365780717,11
0.45139722,0.401294166,11
0.429672474,0.350660547,11
0.514909253,0.187594393,11
0.470655014,0.452729281,11
0.494593098,0.256339901,11
0.473227644,0.697085699,11
0.549802955,0.377505104,11
0.494429782,0.313514035,11
0.54474907,0.308765207,11
0.514575681,0.457639064,11
0.479025705,0.272273182,11
0.525448236,0,11
0.503444939,0.397522448,11
0.554933405,0.34601434,11
0.444557157,0.338699903,11
0.50637507,0.577047643,11
0.51597889,0.447400952,11
0.50580319,0.463811924,11
0.538614977,0.306328371,11
0.579950237,0.471762552,11
0.428383081,0.372559834,11
0.522556291,0.430009376,11
0.483554911,0.319267654,11
0.532528756,0.336337132,11
0.543249567,0.249681136,11
0.425811315,0.39361604,11
0.563755745,0.294498749,11
0.545391782,0.380384988,11
0.519655886,0.253467311,11
0.428169695,0.292867371,11
0.536870028,0.306428423,11
0.518101268,0.256565069,11
0.472357918,0.353937544,11
0.503405141,0.269219843,11
0.46315845,0.424214453,11
0.47192194,0.400202236,11
0.436731038,0.259183939,11
0.544690094,0.458631725,11
0.565579255,0.295441084,11
0.542457163,0.361340951,11
0.491597481,0.460635145,11
0.479488998,0.417308878,11
0.553563809,0.447278081,11
0.495567565,0.422568578,11
0.465458307,0.460010804,11
0.567335978,0.451205627,11
0.481951337,0.32073427,11
0.427109221,0.34693606,11
0.552930426,0.365375511,11
0.470214216,0.366352595,11
0.426891269,0.287836111,11
0.464263655,0.315000155,11
0.498573094,0.387621171,11
0.421940505,0.4773999,11
0.55158159,0.620089132,11
0.427715579,0.402137156,11
0.545371927,0.409893469,11
0.548340175,0.346054877,11
0.539300653,0,11
0.487750518,0.393914065,11
0.563799613,0.271861837,11
0.542375571,0.364057107,11
0.674806615,0.459123514,11
0.748105412,0.454258452,11
0.692538278,0.450038343,11
0.683341272,0.448963137,11
0.679815938,0.448605872,11
0.747430048,0.855587091,11
0.731850053,0.443647244,11
0.670713588,0.438337796,11
0.650958423,0.437466554,11
0.669590746,0.417202071,11
0.635970819,0.432623323,11
0.647613096,0.429725405,11
0.776709433,0.424916516,11
0.737776088,0.410162159,11
0.6899987,0.413492945,11
0.665765011,0.419462175,11
0.737956236,0.419292352,11
0.739587607,0.412302645,11
0.687397421,0.410792253,11
0.745352654,0.271632414,11
0.68526272,0.062256549,11
0.735872464,0.404779741,11
0.640554007,0.403016238,11
0.768105674,0.402120802,11
0.76296124,0.400111741,11
0.671449962,0.398102585,11
0.704239266,0.397710275,11
0.750364619,0.397295891,11
0.778051599,0.39676878,11
0.731156516,0.11712779,11
0.624900371,0.740763163,11
0.668291723,0.394323357,11
0.706801876,0.390950765,11
0.658768961,0.390846533,11
0.727310282,0.38770898,11
0.767944962,0.518506197,11
0.759626199,0.19980023,11
0.779440681,0,11
0.622791208,0.379332108,11
0.681312501,0.379142999,11
0.694939936,0.376808822,11
0.700503063,0.37023419,11
0.735041094,0.370001007,11
0.683732237,0.368176898,11
0.765638897,0.367666343,11
0.652439884,0.168807134,11
0.752787369,0.192920365,11
0.763419652,0.36318305,11
0.62137766,0.35661283,11
0.666278037,0.406520772,11
0.688106614,0.209738666,11
0.647569606,0.353437512,11
0.760076488,0.349789486,11
0.771314138,0.348068226,11
0.724210746,0.347209581,11
0.700847096,0.344545169,11
0.650322376,0.340063793,11
0.646182319,0.337297115,11
0.691187669,0.333872337,11
0.698113258,0.326765103,11
0.779596508,0.326202264,11
0.739612121,0.321657425,11
0.672223287,0.320497396,11
0.624645216,0.320202495,11
0.655340447,0.320000375,11
0.683201825,0.31100674,11
0.628079503,0.30716302,11
0.717992632,0.306935472,11
0.764032238,0.304459926,11
0.763862607,0.405921829,11
0.624859854,0.296137527,11
0.744871413,0.292588458,11
0.718505622,0.292496149,11
0.733950172,0.516158771,11
0.671838316,0.291099684,11
0.690781835,0.290863929,11
0.640338489,0.286452001,11
0.750277482,0.440257231,11
0.726720832,0.284020817,11
0.750594156,0.283828602,11
0.720234499,0.27288749,11
0.672732902,0.272480216,11
0.715833998,0.267442247,11
0.629061043,0.26627096,11
0.654023363,0.26005755,11
0.655955861,0.25444039,11
0.743585908,0,11
0.723233277,0.252522825,11
0.666999319,0.530154782,11
0.778824783,0.805515887,11
0.696644508,0.249947223,11
0.695284841,0.246750266,11
0.737675133,0.245620173,11
0.622617947,0.244672433,11
0.662532763,0.243817674,11
0.725895655,0.436521142,11
0.704726094,0.238685205,11
0.632260389,0.236644296,11
0.655840666,0.233370472,11
0.623880049,0.832102806,11
0.882827898,0.309730686,11
0.969608895,0.308191868,11
0.890102057,0.307179466,11
0.873289178,0.302206446,11
0.881405604,0.802146331,11
0.879366004,0.300313879,11
0.974187262,0.299810043,11
0.9293408,0.652626282,11
0.952625103,0.298231741,11
0.852714022,0.296699428,11
0.884544326,0.296124199,11
0.922744084,0.29302025,11
0.934093589,0.287383388,11
0.87245611,0.287097436,11
0.949923801,0.798499435,11
0.96455852,0.284099506,11
0.967014766,0.282608758,11
0.938082138,0.281242171,11
0.978067666,0.280096849,11
0.85494899,0.583763351,11
0.860731155,0,11
0.820602638,0.273751121,11
0.911833881,0.270610356,11
0.838546469,0.825646704,11
0.837882231,0.264621195,11
0.94354063,0.329894363,11
0.936051102,0.261597469,11
0.884788526,0.260618351,11
0.94814817,0.259491547,11
0.874831695,0.25765943,11
0.830521367,0.256493611,11
0.842408655,0.005477864,11
0.897173289,0.254710219,11
0.848530714,0.252255245,11
0.887248166,0.226375116,11
0.874862873,0.181154251,11
0.959612789,0.250548934,11
0.864094979,0.248794547,11
0.899114403,0.245031988,11
0.897350686,0.690949828,11
0.841618403,0.24252529,11
0.839847258,0.240899313,11
0.8950805,0.240630966,11
0.948901186,0.431663376,11
0.898940345,0.236228021,11
0.821165821,0.235982146,11
0.856837657,0.235001077,11
0.922728249,0.234825883,11
0.854957596,0.233148551,11
0.969731731,0.232374246,11
0.958131788,0.230244892,11
0.965085012,0.227021941,11
0.972413609,0.225854329,11
0.93386627,0.224175703,11
0.854336746,0.220773478,11
0.864854701,0.218498903,11
0.973653815,0.217816449,11
0.883169283,0.210680452,11
0.94032011,0.076361773,11
0.888636133,0.209563827,11
0.823452326,0.209487439,11
0.909997676,0.209145183,11
0.915708983,0.256696361,11
0.868197728,0.203300246,11
0.932974395,0.872415509,11
0.952449059,0.19973854,11
0.926484043,0.21073406,11
0.95164073,0.087685044,11
0.933218118,0.182040742,11
0.908511621,0.181329951,11
0.883000142,0.181226189,11
0.897490143,0,11
0.864448724,0.174940121,11
0.843651491,0.260451343,11
0.957067837,0.169893387,11
0.822119443,0.169328565,11
0.943052307,0.583347169,11
0.837866672,0.166858003,11
0.873989151,0.164756423,11
0.934778457,0.16414918,11
0.91674173,0.164056297,11
0.856721833,0.163524671,11
0.92994452,0.162233835,11
0.92966332,0.772375989,11
0.900309464,0.15830125,11
0.952393254,0.155931194,11
0.845149674,0.155862994,11
0.856265253,0.575288654,11
0.959916492,0.150315936,11
0.915387689,0.149564341,11
0.941725001,0.148955494,11
0.841723942,0.148709238,11
0.908177597,0.147231009,11
0.933506912,0.146434961,11
0.976336819,0.142967301,11
0.860524489,0.71291396,11
0.968620679,0.138391115,11
0.923116619,0.138162827,11
0.840694205,0.132476442,11
0.962815533,0.131697533,11
0.092563226,0.171700509,13
0.155891921,0.172897087,13
0.068577927,0.174454467,13
0.08401849,0.175685059,13
0.10954328,0.544685585,13
0.105298562,0.177474809,13
0.020274186,0.179069659,13
0.022794883,0.440456721,13
0.093700172,0.183601442,13
0.167320734,0.610465228,13
0.039805061,0.328711885,13
0.052880169,0.187039774,13
0.177183688,0.441198421,13
0.139170742,0.189221219,13
0.146406405,0.189669939,13
0.110352862,0.09606101,13
0.1352613,0,13
0.108506138,0.19480544,13
0.069162542,0.19645289,13
0.103180441,0.197645784,13
0.176548196,0.444675981,13
0.111178828,0.199368659,13
0.070503949,0.199798896,13
0.101182301,0.200046287,13
0.062510157,0.205371611,13
0.079070985,0.205787,13
0.05993706,0.208747675,13
0.025776157,0.208880828,13
0.179367928,0.210470016,13
0.066603647,0.897335638,13
0.056796931,0.211413914,13
0.083639192,0.214564475,13
0.171360093,0.216881202,13
0.122067415,0.268140117,13
0.118409802,0.220484664,13
0.070558297,0.223084238,13
0.075917812,0.22490783,13
0.081585232,0.228017426,13
0.126816512,0.22809218,13
0.023055816,0.230113977,13
0.085589976,0.230527734,13
0.041346231,0.601508318,13
0.106237074,0.235297433,13
0.119663962,0.236780582,13
0.036050444,0,13
0.120374344,0.239139837,13
0.047969335,0.244065964,13
0.085475606,0.24415012,13
0.063259381,0.246795713,13
0.1067113,0.2472532,13
0.06893133,0.249505261,13
0.022692225,0.250955306,13
0.151578091,0.251272017,13
0.097852605,0,13
0.032879852,0.254807608,13
0.17617899,0.254828417,13
0.091219513,0.255967099,13
0.033724297,0.256321173,13
0.12512437,0.256990456,13
0.048599491,0.258194366,13
0.104531716,0.259682824,13
0.06675083,0.260658244,13
0.069324021,0,13
0.049476278,0.600003811,13
0.102524013,0.262998762,13
0.113715405,0.280912989,13
0.071584787,0.269270546,13
0.125177993,0.27098244,13
0.133709012,0.273231492,13
0.176985664,0.274114138,13
0.123740112,0.425373355,13
0.133770342,0.277742608,13
0.050375174,0.278419401,13
0.02875721,0.278749106,13
0.03674862,0,13
0.112790543,0.439992423,13
0.118604792,0.28401314,13
0.054983128,0.430067064,13
0.020035757,0.284911761,13
0.084320546,0.286467388,13
0.033154015,0.286491182,13
0.069525056,0.287470818,13
0.166994291,0.290911399,13
0.090377083,0.292157128,13
0.130828638,0.29267835,13
0.056486653,0.427223885,13
0.143901312,0.293462938,13
0.08817405,0,13
0.053759478,0.293800846,13
0.112797244,0.722135089,13
0.027130323,0.295803597,13
0.089480378,0.283485293,13
0.149292086,0.298430379,13
0.040876738,0.299271705,13
0.044674397,0.300137975,13
0.114764041,0.30112568,13
0.155363365,0.303260611,13
0.034527837,0.305663019,13
0.065941583,0.306477619,13
0.158331249,0.148682987,13
0.235448066,0.230035556,13
0.279944778,0.23016948,13
0.357188815,0.230840269,13
0.240578623,0,13
0.269167224,0.23322525,13
0.262929829,0.236782972,13
0.370624755,0.238535957,13
0.260090826,0.239214067,13
0.355082616,0.241755803,13
0.291263116,0.243884602,13
0.339148817,0.245261473,13
0.34892259,0.776080275,13
0.376462057,0.618285503,13
0.379716307,0.248892277,13
0.317289897,0.249257585,13
0.268144884,0.250277171,13
0.275941985,0,13
0.22131157,0.253858374,13
0.35629763,0.256409162,13
0.279820725,0.256990057,13
0.260829855,0.257042113,13
0.264846623,0.260464151,13
0.273885425,0.260657234,13
0.260616426,0.262917253,13
0.339873852,0.26341132,13
0.246346157,0.263701294,13
0.226614104,0.264711583,13
0.246803958,0.265569983,13
0.225570719,0.266992586,13
0.244797632,0,13
0.362402623,0.270851846,13
0.322106853,0.271275626,13
0.289942966,0.27128441,13
0.377005623,0.272035206,13
0.22577904,0.274272556,13
0.276998688,0.275133813,13
0.315365641,0.275221032,13
0.232747196,0.549847046,13
0.280576643,0.279202287,13
0.270005157,0.279723339,13
0.295406537,0.280275703,13
0.379201483,0.2821163,13
0.352366059,0.283047295,13
0.373530805,0,13
0.378648744,0.283573612,13
0.366634601,0.28597958,13
0.360216435,0.287557107,13
0.350277353,0.293085088,13
0.337477162,0.293910693,13
0.317248834,0.295116047,13
0.306961823,0.29521632,13
0.267722894,0.30200772,13
0.239420445,0.305319445,13
0.222908769,0.306527597,13
0.368620346,0.037888681,13
0.28070927,0.307770287,13
0.239407011,0.31024164,13
0.263523347,0.788644515,13
0.308756965,0.043743099,13
0.290560565,0.315520385,13
0.257119222,0.315836111,13
0.350336785,0,13
0.220868093,0.651802228,13
0.287113263,0.323934074,13
0.377240958,0.324015037,13
0.283333644,0.324304991,13
0.363549897,0.324663429,13
0.272394513,0.326747946,13
0.351042062,0.327584863,13
0.362727712,0.327852774,13
0.336060347,0.329076234,13
0.367482087,0.330390083,13
0.271319068,0.332102241,13
0.241636996,0.334293437,13
0.254141918,0.335889572,13
0.276217054,0,13
0.243594641,0.47112935,13
0.223635909,0.338219235,13
0.32498962,0.46352587,13
0.340762666,0.339030275,13
0.369170272,0,13
0.362002997,0.356502532,13
0.313210163,0.343691894,13
0.377708845,0.811529131,13
0.370952667,0.80363346,13
0.356824079,0,13
0.222847147,0.431775811,13
0.274132969,0.352961961,13
0.263343257,0.354721743,13
0.278517889,0.356298189,13
0.283732312,0.356396225,13
0.375643557,0.359495748,13
0.238943677,0.3658438,13
0.298171439,0.365954451,13
0.282946027,0.81088251,13
0.226278137,0.117884555,13
0.305440068,0.372637117,13
0.35492476,0.058239907,13
0.254763492,0,13
0.291220766,0.376668486,13
0.541551804,0.240264522,13
0.512653632,0.679770662,13
0.428981867,0.577052435,13
0.424058614,0.217762975,13
0.420093403,0.468913057,13
0.544616529,0.355027255,13
0.502534921,0.344707829,13
0.487976079,0.229660626,13
0.557411186,0,13
0.534240935,0.466174905,13
0.53924986,0.438387484,13
0.524786232,0.471992437,13
0.502980409,0.222232843,13
0.509369071,0.294680895,13
0.525802833,0.441016679,13
0.490748101,0.337366368,13
0.435408775,0.451918921,13
0.54522697,0.393020583,13
0.498441282,0,13
0.459476904,0.224976378,13
0.431682696,0.431103741,13
0.481217578,0.235038514,13
0.541518916,0.437178781,13
0.558276983,0.239318581,13
0.54946853,0.744967396,13
0.477875835,0.412047123,13
0.535902657,0.307955147,13
0.499411758,0.37702233,13
0.495033327,0.280946379,13
0.471078723,0.847261715,13
0.564938536,0.363165411,13
0.488325754,0,13
0.480166164,0.75423662,13
0.444404065,0.263473691,13
0.466600531,0.568377315,13
0.432569572,0.221180131,13
0.486691823,0.361537532,13
0.551751879,0.226712312,13
0.477153161,0.46475756,13
0.420718262,0.347323914,13
0.526051897,0.341947365,13
0.486082877,0.279688585,13
0.554030919,0.269774151,13
0.507868663,0.218514533,13
0.444931446,0.427999893,13
0.550361547,0.33481609,13
0.503615954,0.245897134,13
0.44082942,0.454946155,13
0.509979459,0.467094827,13
0.430977959,0.264152753,13
0.561810854,0.363200887,13
0.47859595,0.326179094,13
0.556004762,0.389865926,13
0.531513824,0.38746753,13
0.436461471,0.298180339,13
0.461533415,0.425408497,13
0.527874632,0,13
0.476628632,0.418192071,13
0.429322697,0.412871472,13
0.421338842,0.271729884,13
0.479381834,0.251503376,13
0.531269668,0.393182893,13
0.540621901,0,13
0.428801728,0.319276887,13
0.522229119,0.242345397,13
0.509497505,0.331611433,13
0.52667196,0.244222067,13
0.526235715,0.286291859,13
0.524612017,0.541039336,13
0.422882361,0.343955917,13
0.424418022,0.331348794,13
0.525480828,0,13
0.529220352,0.294492288,13
0.527414077,0.253251753,13
0.482829503,0.31032262,13
0.433858368,0.251370467,13
0.560780346,0.397375604,13
0.554433716,0.427649122,13
0.495080608,0.393200915,13
0.457735884,0.434760853,13
0.459390689,0.295216784,13
0.498077114,0,13
0.430968582,0.690147646,13
0.429060479,0.232863317,13
0.553701328,0.444124775,13
0.4949359,0.397774721,13
0.466818675,0.754166019,13
0.484465306,0.3753386,13
0.433424664,0.416736313,13
0.462250968,0.882139569,13
0.439020818,0.414688959,13
0.562375891,0.34663649,13
0.506178898,0.292365221,13
0.486417984,0.326540329,13
0.51199296,0,13
0.540679156,0.435871895,13
0.435943006,0.399580519,13
0.452854174,0.238010281,13
0.512940401,0.307939786,13
0.42722223,0.331494745,13
0.641664817,0.36646076,13
0.717800618,0.405333264,13
0.712448701,0.404908292,13
0.6597334,0.710066947,13
0.660023099,0.421794007,13
0.647805069,0.401500063,13
0.6579214,0.401389802,13
0.77270965,0.399003989,13
0.630267624,0.509182979,13
0.667653147,0.287612999,13
0.736092591,0.391801333,13
0.72472445,0.383656189,13
0.698803841,0.382502232,13
0.697645586,0.381655444,13
0.733890166,0.381123901,13
0.723104482,0.378958885,13
0.650227963,0.377221565,13
0.635789617,0.369064435,13
0.634464262,0.367000458,13
0.73079074,0.36591761,13
0.735789194,0.365600736,13
0.710555244,0.362650242,13
0.702738121,0.36218201,13
0.744994092,0.88056465,13
0.753837563,0.355965505,13
0.662842403,0.350801898,13
0.67334641,0.72285986,13
0.723356982,0,13
0.696031101,0.34678384,13
0.640286207,0.346246968,13
0.718993733,0.341532957,13
0.640362329,0.34090647,13
0.656962596,0.755196438,13
0.681792719,0.338645793,13
0.719500986,0.046603669,13
0.700280951,0.335317528,13
0.691370095,0.334381638,13
0.763337404,0.209393418,13
0.693699518,0.332552155,13
0.697647723,0.330516963,13
0.769509033,0.328003801,13
0.767518189,0.325942874,13
0.679793126,0,13
0.71595549,0.325720068,13
0.660279516,0.324730807,13
0.668321037,0.324246222,13
0.772512013,0.323890384,13
0.720084272,0.322569025,13
0.769181406,0.32136908,13
0.711581629,0.318582481,13
0.757691255,0.698556238,13
0.721866015,0.832465795,13
0.711063347,0.313288751,13
0.724041628,0.311776731,13
0.700432416,0.305439692,13
0.665560566,0.305112713,13
0.710598135,0.305080985,13
0.621167786,0.301929129,13
0.758174296,0.299592738,13
0.647855215,0.297428781,13
0.722373629,0.295641292,13
0.745251546,0.293162074,13
0.729916398,0.290039649,13
0.654288561,0.822765372,13
0.765312492,0.286446917,13
0.713523376,0.28623146,13
0.734821506,0,13
0.684156695,0.28417987,13
0.639510726,0.282301656,13
0.697190098,0.225597522,13
0.643626583,0.268899415,13
0.683669334,0.268492485,13
0.755440009,0.266062489,13
0.729963453,0.264872587,13
0.712757992,0.264743087,13
0.75071271,0.782649078,13
0.777920906,0.25815669,13
0.715408162,0.258026165,13
0.63858506,0.25735147,13
0.708091832,0.735960204,13
0.639475164,0,13
0.62676335,0.253758229,13
0.646154103,0,13
0.703016578,0.241601151,13
0.716554081,0.2387871,13
0.663466265,0,13
0.695342875,0.238054265,13
0.674625105,0.231593293,13
0.64492619,0.228667841,13
0.7209431,0.521009043,13
0.733264334,0.224369718,13
0.706631664,0.222884935,13
0.649748413,0.221750344,13
0.656345051,0.412888619,13
0.752452305,0.219618539,13
0.680737942,0.215153099,13
0.760204142,0.400370751,13
0.692318163,0.195043674,13
0.759363377,0.194018239,13
0.699904864,0,13
0.861417812,0.319828339,13
0.878626225,0.319761061,13
0.94385691,0.316121233,13
0.917287981,0.315096313,13
0.934913565,0.575567421,13
0.825533377,0.309450832,13
0.842078372,0.309043848,13
0.931618397,0.307037594,13
0.8345312,0.302540049,13
0.945647435,0.649989046,13
0.87814403,0.300631183,13
0.888695313,0.300552303,13
0.959554511,0.295498703,13
0.824346944,0,13
0.881085005,0.292670647,13
0.979094833,0.290957518,13
0.971259064,0.289813008,13
0.852929244,0.289433117,13
0.953013433,0.288058261,13
0.979179891,0.049057114,13
0.90915289,0.278652387,13
0.885092499,0.274717121,13
0.943377147,0.2717699,13
0.923151044,0.716971481,13
0.864914614,0.318583694,13
0.854831701,0.269760485,13
0.936389291,0.268551226,13
0.854533477,0.26622857,13
0.949516076,0.259103324,13
0.931050154,0.256904245,13
0.850471831,0.256366282,13
0.861297497,0.255436269,13
0.936904318,0.25250578,13
0.834679135,0.249216079,13
0.936000473,0.248797673,13
0.941644039,0.243477571,13
0.856141051,0.241823724,13
0.866018325,0.241127295,13
0.959671111,0,13
0.904941072,0.240541761,13
0.952295062,0.240414138,13
0.886973527,0.239347949,13
0.928617282,0.236398661,13
0.921819822,0.229496659,13
0.887731706,0.229199987,13
0.923312039,0.227304099,13
0.82364918,0.227264815,13
0.939316238,0.225405547,13
0.924942678,0.222787559,13
0.975276772,0.22201594,13
0.92161835,0.217929615,13
0.911221253,0.215784599,13
0.898381562,0.214848624,13
0.850981053,0.212069413,13
0.895547706,0.209648644,13
0.887353706,0.208110072,13
0.88638443,0.205463067,13
0.829656127,0.818462214,13
0.871672176,0.202944621,13
0.93825445,0,13
0.958391332,0.199979037,13
0.914613592,0.887951264,13
0.963696946,0.197157173,13
0.902777936,0.244619105,13
0.924386115,0.191894533,13
0.908876076,0.190112046,13
0.91052063,0.190048404,13
0.90221137,0.189152163,13
0.840638369,0.188504649,13
0.834890424,0.188213187,13
0.942494773,0.187118322,13
0.97945596,0.186951178,13
0.879899494,0.185115869,13
0.894269561,0.184294954,13
0.875632646,0.183456458,13
0.861151116,0.019575356,13
0.897334869,0.177678489,13
0.827380388,0.443439449,13
0.856746795,0.167980965,13
0.904862991,0.16792102,13
0.842667685,0.166817932,13
0.826717814,0.166412318,13
0.873589594,0.160653216,13
0.867454294,0,13
0.912149499,0.157498963,13
0.867678977,0.153569611,13
0.961978008,0.152784593,13
0.863806677,0.150591282,13
0.903651205,0.141975628,13
0.910103065,0.698711878,13
0.838332617,0.136275688,13
0.82982598,0.132708667,13
0.895817084,0.132593061,13
0.852710064,0.126471436,13
0.846774025,0.124991536,13
0.918123204,0.124520157,13
0.885748415,0.123007106,13
0.905972846,0.122994442,13
0.854143077,0.117811328,13
0.920657621,0.855728372,13
0.071295693,0.162568804,15
0.05941984,0.163548329,15
0.176705863,0.165239649,15
0.028532471,0.16575073,15
0.084887504,0.167391241,15
0.023992738,0.318619313,15
0.14787341,0.16788383,15
0.10170697,0.170083808,15
0.093249661,0.171472851,15
0.147218021,0.340193142,15
0.119835294,0,15
0.172879817,0.172899034,15
0.112733862,0.174497697,15
0.029812688,0,15
0.054203965,0.175157879,15
0.168016911,0.177337412,15
0.117214609,0.17841913,15
0.023264279,0.179125329,15
0.107415318,0.180087025,15
0.100684313,0.182934619,15
0.126370571,0.18394686,15
0.136975014,0.184265096,15
0.045858512,0.184290206,15
0.023383183,0.184469783,15
0.067709577,0.185116365,15
0.032058597,0.185507544,15
0.177039929,0.185849561,15
0.091929681,0.189361502,15
0.14101538,0.603445516,15
0.024460656,0.34481357,15
0.096058865,0.19195191,15
0.15730677,0.192245543,15
0.095747815,0.196989198,15
0.162679586,0.197351485,15
0.07915975,0.198049322,15
0.037845702,0.198669481,15
0.105159554,0.199173171,15
0.049489377,0,15
0.133016894,0.200344468,15
0.025230103,0.200995371,15
0.06055055,0.204174949,15
0.020292079,0.204504309,15
0.059803692,0.205221026,15
0.064206281,0.205269362,15
0.038069153,0,15
0.172055168,0.208627717,15
0.040768177,0.210864613,15
0.086667648,0.215795292,15
0.143335855,0.216413803,15
0.087414623,0.011173635,15
0.118434497,0.218729899,15
0.065079725,0.21896007,15
0.030941262,0.219436737,15
0.100380989,0.220037449,15
0.05281985,0.012273061,15
0.03792336,0.222447305,15
0.082271186,0.223997226,15
0.136511071,0.226416677,15
0.069842086,0.235663488,15
0.061348865,0.537710367,15
0.109090468,0,15
0.128395699,0.246554426,15
0.06130961,0.835082201,15
0.065407773,0.862150275,15
0.130732751,0.250079098,15
0.037247582,0.251484253,15
0.107960138,0.251909797,15
0.059807067,0.254023783,15
0.066951482,0.254509805,15
0.046962066,0.610462312,15
0.070905128,0.478021586,15
0.129189429,0.256551778,15
0.071165017,0.25924571,15
0.062192038,0.259751266,15
0.061609166,0.261570548,15
0.13973014,0.262088342,15
0.111206482,0.264721762,15
0.133859693,0,15
0.053088975,0.266537378,15
0.091020557,0.2687811,15
0.179435541,0.78336988,15
0.086988141,0.271586484,15
0.086687644,0.623160569,15
0.094412336,0.276368771,15
0.022665725,0.276579982,15
0.132624803,0.27672436,15
0.117899295,0.277483912,15
0.137035769,0.277959165,15
0.042828232,0.279111861,15
0.054685199,0.280861491,15
0.033678619,0.281876393,15
0.093472913,0.28292655,15
0.072277658,0.283718133,15
0.042762404,0.283974794,15
0.081509691,0.285472241,15
0.095713975,0.28548944,15
0.070150652,0.289496771,15
0.089080585,0,15
0.140775048,0.290161878,15
0.039828021,0.291847466,15
0.245336968,0.20433633,15
0.291618933,0.204867954,15
0.350992087,0.205403924,15
0.339944111,0.206473264,15
0.235048038,0.210029165,15
0.372219547,0.211917303,15
0.324382085,0.21245304,15
0.273296537,0.216517524,15
0.362786713,0.221413709,15
0.296211165,0.223350283,15
0.233185517,0.533357796,15
0.274172829,0.224052113,15
0.229763125,0.224885909,15
0.346902206,0.225596218,15
0.257100204,0.22921832,15
0.221568985,0.229819481,15
0.226056897,0.230952371,15
0.233090104,0.231135097,15
0.307163852,0.231634542,15
0.271156315,0.232231247,15
0.250132167,0.233360914,15
0.366217161,0.797191729,15
0.368817887,0.239904299,15
0.266361846,0.241320015,15
0.292314782,0.244438631,15
0.329698582,0.247767777,15
0.294152145,0.248824957,15
0.28687807,0.251600807,15
0.261160075,0.521067963,15
0.334332133,0.25526621,15
0.273872894,0,15
0.3188339,0.259429568,15
0.286186551,0.011953851,15
0.34929028,0.259780811,15
0.291750778,0.261710177,15
0.227953217,0.264939069,15
0.256209033,0.266258736,15
0.344028387,0.267975558,15
0.281602603,0.269380566,15
0.378733268,0.270096275,15
0.336282587,0.270560678,15
0.331144371,0.27125332,15
0.335127539,0.785757458,15
0.375794933,0.273948629,15
0.292791813,0.274393686,15
0.292574608,0.155973988,15
0.291777398,0.283301891,15
0.366361297,0.214212,15
0.226634686,0.285271071,15
0.327493572,0.166187523,15
0.292676263,0.286054033,15
0.33258121,0.286863192,15
0.226181899,0.287665172,15
0.359520547,0.39539378,15
0.264493124,0.00878354,15
0.284669738,0.292910099,15
0.360735082,0,15
0.364223943,0.294697717,15
0.259879591,0.296269109,15
0.31350193,0.788475709,15
0.223787117,0.302440143,15
0.331365717,0.753548829,15
0.283900125,0.415972069,15
0.30139726,0.224035432,15
0.33010868,0.31020418,15
0.229469937,0.312481357,15
0.276329197,0.314066095,15
0.351143116,0.314770184,15
0.364814119,0.314857036,15
0.286618785,0.316403978,15
0.317632318,0.317057367,15
0.338714256,0.317206215,15
0.339014196,0,15
0.228105673,0,15
0.259652521,0.319995148,15
0.359826706,0.195911556,15
0.252376869,0.326456409,15
0.268421423,0.329403827,15
0.28703392,0.33333957,15
0.250143998,0.333770064,15
0.325611592,0.333951727,15
0.252106051,0.335215764,15
0.298678655,0.335820039,15
0.293306106,0,15
0.316775955,0.337683624,15
0.307899605,0.338593683,15
0.236233884,0.339964074,15
0.255586167,0.345527504,15
0.365006833,0.345547642,15
0.310306446,0.347115739,15
0.26081912,0.350411695,15
0.305092331,0.351660903,15
0.351015149,0.352675841,15
0.249271201,0.353924564,15
0.367753383,0.354923077,15
0.287489187,0.355388465,15
0.311483806,0.433424412,15
0.350637259,0.359536795,15
0.37695055,0.361056429,15
0.367087513,0.362852669,15
0.512747586,0.353502974,15
0.517573722,0.406476258,15
0.547096001,0.063601773,15
0.544263605,0.20862984,15
0.562328511,0,15
0.469866595,0.627820713,15
0.565684616,0.383814955,15
0.425532533,0.247428701,15
0.446386406,0.232301926,15
0.526322155,0.289928726,15
0.577295312,0.192330992,15
0.458873819,0.339310183,15
0.505474643,0.350212212,15
0.574095854,0.37452992,15
0.46282653,0.274364062,15
0.494446024,0.208187411,15
0.453433236,0.200860296,15
0.554253294,0.22710354,15
0.503060901,0.337523038,15
0.434360537,0.223377474,15
0.458238083,0.422366914,15
0.554878953,0,15
0.558666008,0.262159637,15
0.469071367,0.28380284,15
0.539668968,0.139302982,15
0.542061062,0.413282425,15
0.559594638,0.405260194,15
0.514379713,0.278771401,15
0.426700805,0.643426436,15
0.519897443,0.480731504,15
0.466231172,0.100421444,15
0.458512968,0.241795568,15
0.55994292,0.232761632,15
0.495598148,0.233569563,15
0.53282916,0.222633988,15
0.554106903,0.298389142,15
0.573631894,0.169466922,15
0.496970457,0.415667555,15
0.57383827,0.398131566,15
0.492530666,0.229792275,15
0.428899455,0.402645756,15
0.509655276,0.315147742,15
0.515310232,0.30664524,15
0.428823409,0,15
0.496970315,0.210448106,15
0.522967214,0.299382934,15
0.541226769,0.727086175,15
0.491348353,0.226374271,15
0.422936472,0.198703555,15
0.436469674,0.277155064,15
0.540893453,0.352173631,15
0.54440746,0.286398116,15
0.562706999,0.348814632,15
0.531688711,0.228866206,15
0.522870106,0.625284942,15
0.500454256,0.795655786,15
0.469080805,0.281768538,15
0.466723439,0.335328617,15
0.430055648,0.201678044,15
0.571843364,0.217986411,15
0.42778909,0.326430874,15
0.570707022,0.405623081,15
0.497080929,0,15
0.459604491,0.201549334,15
0.47224122,0.202922576,15
0.50548906,0.833311986,15
0.476105661,0.246196733,15
0.422535491,0.318821114,15
0.455884882,0.41949457,15
0.465885897,0.332492421,15
0.501516289,0.371721596,15
0.526920411,0.233593344,15
0.531723047,0.286770438,15
0.436079525,0.866499234,15
0.495775764,0.429764859,15
0.422467822,0.404515493,15
0.522465108,0.225173556,15
0.535729142,0.249773398,15
0.480775923,0.384932449,15
0.43269171,0.256432438,15
0.421412057,0.222653871,15
0.576625232,0.295675229,15
0.444308967,0.239862943,15
0.556941223,0.378610831,15
0.56273251,0.239515728,15
0.453082328,0.405788843,15
0.490891358,0.470529876,15
0.455860097,0.328852656,15
0.548668004,0.427827087,15
0.53050586,0.2010771,15
0.433475781,0.284286022,15
0.534595352,0.251104127,15
0.559290045,0.361906951,15
0.50387832,0.372612671,15
0.550734994,0.310199052,15
0.462504214,0.324405167,15
0.436823272,0.324463042,15
0.525350995,0.277476564,15
0.578526625,0.37796121,15
0.489714632,0.377915337,15
0.719250004,0.377645142,15
0.718467672,0.377615362,15
0.728810562,0.376347781,15
0.686338068,0,15
0.724866843,0.574150749,15
0.636409439,0.36869528,15
0.623999055,0.368352922,15
0.672741819,0.367402323,15
0.74345768,0.359539053,15
0.7454566,0.358216715,15
0.748924313,0.491164006,15
0.737252791,0.354808722,15
0.691081692,0.347722121,15
0.719553162,0.346372336,15
0.688042129,0.346213062,15
0.72309005,0.345930508,15
0.705082603,0.342813498,15
0.649751883,0.338835903,15
0.759864483,0.338456465,15
0.665789342,0.338419391,15
0.626489678,0.338071307,15
0.694188405,0.334254136,15
0.736439159,0.332511743,15
0.738634798,0.896472004,15
0.6411903,0.326576168,15
0.642363728,0.323928475,15
0.678579288,0.322598108,15
0.754428181,0,15
0.700489852,0.483454295,15
0.751744651,0.314280492,15
0.6709623,0.312671689,15
0.699817879,0.310537878,15
0.683797713,0.310182964,15
0.728110312,0.784968778,15
0.726676101,0.306510818,15
0.663104653,0.30447207,15
0.706944026,0.300977659,15
0.675986772,0.300479911,15
0.704929016,0.300123256,15
0.768422633,0.299785576,15
0.698639138,0.297625755,15
0.737231449,0.297278062,15
0.626818791,0.293382955,15
0.69415446,0.344994492,15
0.689639492,0.289545902,15
0.634001316,0.288688081,15
0.697338519,0.288658617,15
0.656319158,0.288615621,15
0.737709646,0,15
0.689883891,0.275406867,15
0.73563861,0.269553611,15
0.627440354,0.269549149,15
0.77735477,0.268862471,15
0.644256051,0.266924429,15
0.711321785,0.261620014,15
0.746292233,0.261514469,15
0.649447254,0.260573531,15
0.694387461,0.259360232,15
0.762252899,0.253089463,15
0.714488438,0.249983122,15
0.774203918,0.248256041,15
0.725108657,0.101752487,15
0.734902881,0.610275589,15
0.700063289,0.242307853,15
0.698857594,0.239146126,15
0.727531844,0.234934552,15
0.758203506,0.232563458,15
0.76155078,0.232554075,15
0.655468941,0.232290296,15
0.652343834,0.231788067,15
0.735154348,0.230781457,15
0.713132394,0,15
0.73678813,0.227011809,15
0.634781503,0.226304378,15
0.677063322,0.222171316,15
0.772590889,0.220709847,15
0.654713562,0.219320581,15
0.730390548,0.214544248,15
0.687865094,0.213348152,15
0.735174205,0.609275177,15
0.708847162,0.202264338,15
0.774452802,0.200388305,15
0.687452418,0.194300134,15
0.687615631,0.192471604,15
0.696580385,0.397925489,15
0.654762896,0.189160557,15
0.728175359,0.188937399,15
0.660326175,0.186254024,15
0.676746876,0.185466652,15
0.651648266,0.181727654,15
0.668660679,0.18100002,15
0.636759915,0.177365845,15
0.710189309,0.169920596,15
0.768809136,0.169230757,15
0.694546932,0.168540374,15
0.666974412,0.624013343,15
0.709466267,0.16186634,15
0.661325591,0.604732196,15
0.708276809,0.304777741,15
0.634065018,0.487302069,15
0.842293669,0.297845845,15
0.895220401,0.296576763,15
0.836116406,0.292725427,15
0.833234274,0.279670199,15
0.971832745,0.279448844,15
0.880679521,0.275671739,15
0.953697112,0.27559747,15
0.919940446,0.275255512,15
0.967330926,0.535168217,15
0.886092166,0.08904182,15
0.969701012,0.272993739,15
0.927566751,0.606855282,15
0.918481125,0.272515268,15
0.894321445,0.270441312,15
0.93334987,0.267136506,15
0.903859526,0.265193016,15
0.902874145,0.264307579,15
0.976731633,0.263862097,15
0.872650933,0.263398647,15
0.882274152,0.262865058,15
0.853323606,0.260402962,15
0.844659043,0.259934104,15
0.94256235,0.149245795,15
0.918798287,0.255552692,15
0.8391751,0.255145761,15
0.872573538,0.252922648,15
0.842421344,0.36059635,15
0.904624131,0.249578979,15
0.909972924,0.248463712,15
0.896380135,0.246620715,15
0.859400648,0.246136063,15
0.877173521,0.242834868,15
0.894516508,0.23987307,15
0.829414071,0.238943613,15
0.972699922,0.577130428,15
0.865767267,0.204232776,15
0.849179161,0.235398682,15
0.963266744,0.232937496,15
0.977778722,0.232860637,15
0.863088435,0.230142207,15
0.886459035,0.225840232,15
0.89107388,0.221451754,15
0.901634288,0,15
0.968966411,0.219002444,15
0.937610774,0.216083005,15
0.889803133,0.859796019,15
0.940795251,0.212387986,15
0.853024446,0.029722014,15
0.832061376,0.60482377,15
0.915499947,0.206334692,15
0.878251549,0.463867536,15
0.86928277,0.202124802,15
0.857102304,0.20074735,15
0.834138707,0.357905314,15
0.911702652,0.198282085,15
0.888886706,0.198060932,15
0.860440847,0.197883643,15
0.962971482,0.106231577,15
0.919014941,0.191611412,15
0.900233768,0.190441525,15
0.845715713,0.184404103,15
0.979671438,0.18344087,15
0.913463974,0.179914148,15
0.93498047,0.326138016,15
0.856174341,0.048171494,15
0.961685393,0.174009329,15
0.959531191,0.173487813,15
0.905087463,0.171934941,15
0.858896962,0.166992058,15
0.879507092,0.162308885,15
0.977371102,0.399732063,15
0.963250976,0.1612496,15
0.876085638,0.156969765,15
0.911572556,0.155307897,15
0.891531825,0.153713572,15
0.901492765,0.438422901,15
0.950116242,0.151815742,15
0.828199825,0.151589761,15
0.916583043,0.146584942,15
0.822768443,0.143780169,15
0.885009953,0.136644614,15
0.969272144,0.136253517,15
0.834657535,0.135286141,15
0.97659156,0.134838075,15
0.83821561,0,15
0.936954981,0.12935825,15
0.944587915,0.12877008,15
0.843105483,0.128523629,15
0.896367713,0.226688922,15
0.846856246,0.275288412,15
0.958644798,0.122660785,15
0.873010227,0.468275921,15
0.877466304,0,15
0.904134798,0.116730415,15
0.975040995,0.101323409,15
0.854436826,0.095431973,15
0.887688725,0.092800101,15
0.88694713,0.091069792,15
0.917875051,0.12877008,15
0.896415358,0.128523629,15
