Utilization,TaskCount,IR
0.027418723,5,
0.030990792,5,
0.040223297,5,
0.041915371,5,
0.042212536,5,
0.04358309,5,
0.046075474,5,
0.058416801,5,
0.060835679,5,
0.065725777,5,
0.068923991,5,
0.072609765,5,
0.076377588,5,
0.077288595,5,
0.088611184,5,
0.091534265,5,
0.107920197,5,
0.114504444,5,
0.115344372,5,
0.128794897,5,
0.130251632,5,
0.140164892,5,
0.150899512,5,
0.152912291,5,
0.15687219,5,
0.157179153,5,
0.157449553,5,
0.163909173,5,
0.065025384,5,
0.135813982,5,
0.096524871,5,
0.069528779,5,
0.037844419,5,
0.10634385,5,
0.147283637,5,
0.117683529,5,
0.025635833,5,
0.040675335,5,
0.085321639,5,
0.081069745,5,
0.17876265,5,
0.060036837,5,
0.178426811,5,
0.039573765,5,
0.16367619,5,
0.091774151,5,
0.101778944,5,
0.101971518,5,
0.171114694,5,
0.094469086,5,
0.125069655,5,
0.077047844,5,
0.171863177,5,
0.091503728,5,
0.020734186,5,
0.132733418,5,
0.140045354,5,
0.116011662,5,
0.091823028,5,
0.059548641,5,
0.036967556,5,
0.068527302,5,
0.153002413,5,
0.042933896,5,
0.061331296,5,
0.124371812,5,
0.168403124,5,
0.085730933,5,
0.077896946,5,
0.15328805,5,
0.086613817,5,
0.129050334,5,
0.094716375,5,
0.042653133,5,
0.086885052,5,
0.031324478,5,
0.166068573,5,
0.042711861,5,
0.128682869,5,
0.17558241,5,
0.023264149,5,
0.049603791,5,
0.051224212,5,
0.06174227,5,
0.0667316,5,
0.080343734,5,
0.088096243,5,
0.088536443,5,
0.094402267,5,
0.097859479,5,
0.133676207,5,
0.145335539,5,
0.150823843,5,
0.152462842,5,
0.154810264,5,
0.155180248,5,
0.161052781,5,
0.163117073,5,
0.163953411,5,
0.167778939,5,
0.225621982,5,
0.232031195,5,
0.241717572,5,
0.251156187,5,
0.254842926,5,
0.259538638,5,
0.265726996,5,
0.267136878,5,
0.285309964,5,
0.287203579,5,
0.297687202,5,
0.299551237,5,
0.301725,5,
0.314359544,5,
0.315728212,5,
0.329903626,5,
0.336607953,5,
0.361786668,5,
0.362770175,5,
0.366634044,5,
0.368462548,5,
0.372908452,5,
0.374737238,5,
0.37926464,5,
0.343991943,5,
0.30022396,5,
0.268461788,5,
0.359916036,5,
0.267461767,5,
0.25805461,5,
0.246277864,5,
0.263281249,5,
0.322240112,5,
0.262610894,5,
0.267604879,5,
0.294133306,5,
0.310501126,5,
0.254427061,5,
0.299408425,5,
0.340255297,5,
0.297466199,5,
0.22669461,5,
0.364310044,5,
0.368263932,5,
0.34016011,5,
0.234858419,5,
0.368492868,5,
0.357489927,5,
0.261888888,5,
0.307529676,5,
0.281594378,5,
0.300412728,5,
0.342100677,5,
0.293558011,5,
0.279070393,5,
0.315515451,5,
0.24741802,5,
0.339957938,5,
0.340805413,5,
0.313736577,5,
0.251205646,5,
0.333032372,5,
0.279985845,5,
0.323500529,5,
0.319637797,5,
0.27253436,5,
0.311031388,5,
0.235863106,5,
0.366553746,5,
0.327812655,5,
0.288133552,5,
0.239091488,5,
0.351400157,5,
0.355017992,5,
0.366200038,5,
0.22503347,5,
0.35514864,5,
0.28621247,5,
0.224636065,5,
0.2254027,5,
0.226473044,5,
0.234198678,5,
0.251870853,5,
0.256384266,5,
0.26235752,5,
0.265969272,5,
0.273633731,5,
0.277888963,5,
0.280162148,5,
0.290541471,5,
0.290846045,5,
0.301059322,5,
0.318040598,5,
0.318128406,5,
0.333498538,5,
0.343052855,5,
0.356533339,5,
0.369874193,5,
0.378382455,5,
0.379260213,5,
0.484382297,5,
0.509650788,5,
0.537249748,5,
0.43202555,5,
0.443882959,5,
0.518930536,5,
0.484001628,5,
0.549505789,5,
0.565004684,5,
0.493666827,5,
0.475198055,5,
0.484453487,5,
0.44277481,5,
0.431450345,5,
0.45812465,5,
0.424719702,5,
0.548492613,5,
0.551040111,5,
0.485348872,5,
0.42083728,5,
0.433077766,5,
0.539116072,5,
0.442003036,5,
0.544274282,5,
0.519468398,5,
0.440020762,5,
0.500908516,5,
0.567958436,5,
0.457117108,5,
0.448829962,5,
0.472629015,5,
0.529321772,5,
0.487802926,5,
0.510471859,5,
0.51612681,5,
0.458628904,5,
0.546844697,5,
0.483181476,5,
0.460299445,5,
0.567015235,5,
0.56614889,5,
0.475901884,5,
0.506034941,5,
0.450444627,5,
0.45730582,5,
0.541240793,5,
0.565732902,5,
0.556594688,5,
0.489409196,5,
0.425207315,5,
0.553419298,5,
0.442631533,5,
0.466805173,5,
0.536524287,5,
0.5376429,5,
0.525065927,5,
0.458817447,5,
0.56162726,5,
0.445304252,5,
0.478449199,5,
0.420352923,5,
0.483560741,5,
0.535462897,5,
0.516059737,5,
0.565840244,5,
0.433350896,5,
0.576787995,5,
0.547166812,5,
0.495336106,5,
0.504980765,5,
0.488081516,5,
0.573165228,5,
0.427645006,5,
0.460342174,5,
0.478156722,5,
0.512716937,5,
0.561258896,5,
0.507984117,5,
0.48908612,5,
0.422655828,5,
0.550488237,5,
0.568984812,5,
0.577600521,5,
0.470465999,5,
0.476097696,5,
0.450041907,5,
0.527280769,5,
0.452115618,5,
0.575178232,5,
0.53363686,5,
0.424517473,5,
0.52214177,5,
0.437015444,5,
0.504802537,5,
0.482819076,5,
0.522271337,5,
0.500610204,5,
0.449463192,5,
0.561081608,5,
0.558361538,5,
0.726528177,5,
0.632580847,5,
0.651618983,5,
0.659752046,5,
0.66155551,5,
0.67821247,5,
0.684583432,5,
0.68518914,5,
0.700751231,5,
0.712567581,5,
0.738579845,5,
0.744278534,5,
0.75190082,5,
0.752461293,5,
0.76408379,5,
0.774078088,5,
0.658651933,5,
0.708515639,5,
0.759631748,5,
0.655577618,5,
0.737895663,5,
0.728030322,5,
0.741012343,5,
0.65103141,5,
0.688984735,5,
0.716306999,5,
0.727967232,5,
0.722151034,5,
0.636930657,5,
0.741210353,5,
0.732812689,5,
0.627483967,5,
0.71744183,5,
0.747349587,5,
0.643063009,5,
0.669151096,5,
0.681284037,5,
0.721903358,5,
0.704508845,5,
0.723243323,5,
0.646192819,5,
0.696552831,5,
0.724239466,5,
0.742237361,5,
0.756691704,5,
0.694365382,5,
0.746255938,5,
0.659803705,5,
0.759515386,5,
0.714624097,5,
0.670053998,5,
0.727755322,5,
0.772560397,5,
0.651569854,5,
0.625592923,5,
0.687023274,5,
0.621269033,5,
0.67025389,5,
0.64317524,5,
0.763445191,5,
0.694714702,5,
0.758845324,5,
0.627513746,5,
0.688132908,5,
0.717628311,5,
0.775957709,5,
0.73823416,5,
0.703740745,5,
0.713311579,5,
0.732361935,5,
0.625356246,5,
0.77094456,5,
0.726487378,5,
0.729791976,5,
0.740919045,5,
0.734542572,5,
0.708984302,5,
0.697513223,5,
0.768738823,5,
0.681344452,5,
0.705844065,5,
0.705347077,5,
0.760471015,5,
0.760084773,5,
0.759162775,5,
0.738185553,5,
0.719750772,5,
0.718792448,5,
0.7127648,5,
0.704584244,5,
0.692595738,5,
0.675417756,5,
0.673864435,5,
0.666768192,5,
0.661788871,5,
0.652398718,5,
0.650437377,5,
0.647704105,5,
0.631700628,5,
0.629117269,5,
0.933660868,5,
0.861842504,5,
0.937791817,5,
0.898559185,5,
0.925340648,5,
0.899465493,5,
0.824723977,5,
0.976884859,5,
0.824105907,5,
0.828338833,5,
0.950807025,5,
0.937119289,5,
0.843781479,5,
0.902578279,5,
0.976893986,5,
0.879263621,5,
0.905945713,5,
0.83708216,5,
0.894238004,5,
0.889559118,5,
0.861687046,5,
0.962926328,5,
0.918503964,5,
0.979796888,5,
0.926592798,5,
0.97202724,5,
0.949193283,5,
0.916099543,5,
0.925260641,5,
0.871840464,5,
0.905849179,5,
0.872999688,5,
0.905612646,5,
0.895925514,5,
0.830245983,5,
0.950370281,5,
0.859138278,5,
0.965462042,5,
0.874022833,5,
0.923871776,5,
0.871274328,5,
0.879468697,5,
0.935152681,5,
0.973716617,5,
0.829595826,5,
0.948388023,5,
0.915232081,5,
0.836565481,5,
0.978768746,5,
0.96468775,5,
0.883804541,5,
0.955925145,5,
0.893465747,5,
0.872037176,5,
0.887227775,5,
0.941151948,5,
0.849864124,5,
0.921364798,5,
0.963562592,5,
0.93717422,5,
0.889629207,5,
0.834305311,5,
0.950725033,5,
0.832141947,5,
0.968150724,5,
0.978689379,5,
0.915139343,5,
0.949548263,5,
0.855484734,5,
0.838707925,5,
0.896399958,5,
0.854860516,5,
0.836095138,5,
0.846906417,5,
0.836835741,5,
0.933394884,5,
0.957737634,5,
0.883714274,5,
0.965069422,5,
0.827178309,5,
0.882400394,5,
0.886750311,5,
0.898215382,5,
0.90434227,5,
0.867033263,5,
0.884138161,5,
0.91828283,5,
0.82991962,5,
0.879134066,5,
0.877576116,5,
0.928814221,5,
0.965435475,5,
0.942270111,5,
0.911679703,5,
0.830299043,5,
0.965124441,5,
0.960485973,5,
0.940633815,5,
0.938193094,5,
0.944475438,5,
0.020610939,7,
0.049261618,7,
0.050912579,7,
0.05833245,7,
0.059314915,7,
0.07734442,7,
0.084184051,7,
0.086552133,7,
0.099339537,7,
0.102451363,7,
0.114881976,7,
0.117610605,7,
0.123529341,7,
0.125969764,7,
0.126871643,7,
0.133549547,7,
0.133749013,7,
0.137817683,7,
0.148640551,7,
0.153120886,7,
0.153517505,7,
0.159599243,7,
0.169277607,7,
0.171691792,7,
0.174795338,7,
0.113035029,7,
0.157151635,7,
0.047086815,7,
0.163827513,7,
0.08491944,7,
0.051480009,7,
0.142499718,7,
0.086865904,7,
0.108977808,7,
0.039545687,7,
0.175673204,7,
0.108293837,7,
0.058789646,7,
0.026042819,7,
0.046302195,7,
0.08475949,7,
0.050593874,7,
0.073348366,7,
0.127324614,7,
0.127508228,7,
0.023393539,7,
0.115302728,7,
0.070474217,7,
0.130950467,7,
0.13897229,7,
0.031389168,7,
0.079196006,7,
0.069047999,7,
0.025307279,7,
0.118404506,7,
0.031846297,7,
0.080893198,7,
0.129717048,7,
0.156679846,7,
0.105444342,7,
0.047447845,7,
0.022096535,7,
0.136310156,7,
0.169900139,7,
0.102124699,7,
0.116809428,7,
0.13036932,7,
0.023899637,7,
0.166730446,7,
0.120379344,7,
0.079545868,7,
0.080376636,7,
0.15218089,7,
0.033447419,7,
0.03493499,7,
0.035533374,7,
0.036416666,7,
0.046583313,7,
0.05852338,7,
0.0637325,7,
0.084668629,7,
0.088606849,7,
0.09115117,7,
0.107834527,7,
0.112246625,7,
0.1126282,7,
0.11289044,7,
0.120500953,7,
0.120724961,7,
0.132746375,7,
0.13467621,7,
0.136044584,7,
0.140553777,7,
0.147376837,7,
0.154665177,7,
0.157195107,7,
0.17445788,7,
0.175052146,7,
0.17689295,7,
0.173899332,7,
0.343520767,7,
0.260173232,7,
0.275999753,7,
0.32097756,7,
0.227729194,7,
0.372473998,7,
0.222543717,7,
0.265363201,7,
0.263404829,7,
0.283205177,7,
0.249331565,7,
0.264786907,7,
0.26822092,7,
0.292736516,7,
0.314467774,7,
0.265293114,7,
0.266380216,7,
0.232150774,7,
0.26827964,7,
0.270166797,7,
0.228281184,7,
0.309502812,7,
0.333779281,7,
0.331620756,7,
0.357673641,7,
0.291449836,7,
0.302660702,7,
0.325248864,7,
0.263195801,7,
0.228406255,7,
0.242963946,7,
0.248591449,7,
0.34057784,7,
0.231698828,7,
0.29140842,7,
0.281868249,7,
0.222724082,7,
0.335174546,7,
0.232086311,7,
0.245991994,7,
0.304951259,7,
0.304697763,7,
0.370174353,7,
0.237368422,7,
0.251885316,7,
0.287612297,7,
0.220910048,7,
0.257377578,7,
0.371771989,7,
0.366099684,7,
0.304933618,7,
0.365315299,7,
0.235287824,7,
0.378629037,7,
0.378696637,7,
0.246774725,7,
0.291991214,7,
0.32493523,7,
0.341890536,7,
0.289137375,7,
0.257676694,7,
0.280910379,7,
0.314241059,7,
0.303717676,7,
0.333639094,7,
0.24067269,7,
0.240669159,7,
0.237588843,7,
0.286314659,7,
0.300245257,7,
0.30207667,7,
0.379816956,7,
0.319641057,7,
0.238331551,7,
0.366294557,7,
0.375384375,7,
0.359829588,7,
0.25703289,7,
0.30342572,7,
0.363823464,7,
0.320446703,7,
0.306282516,7,
0.303343664,7,
0.293981501,7,
0.373977599,7,
0.317166641,7,
0.296004783,7,
0.238258506,7,
0.226755714,7,
0.338335829,7,
0.35934085,7,
0.261753592,7,
0.271130212,7,
0.280895712,7,
0.363721178,7,
0.349789792,7,
0.313233607,7,
0.345733367,7,
0.287239819,7,
0.276018112,7,
0.561388386,7,
0.568326167,7,
0.560690877,7,
0.436841563,7,
0.456878762,7,
0.501105284,7,
0.568953519,7,
0.45427117,7,
0.46691602,7,
0.493444001,7,
0.49916838,7,
0.54227768,7,
0.515821358,7,
0.543676404,7,
0.547565546,7,
0.516071506,7,
0.475553531,7,
0.454549392,7,
0.502032701,7,
0.437153636,7,
0.564988062,7,
0.544948872,7,
0.504851294,7,
0.428095338,7,
0.545983366,7,
0.46093718,7,
0.52502155,7,
0.546883459,7,
0.522102932,7,
0.493598881,7,
0.578543567,7,
0.461377464,7,
0.484462136,7,
0.487790978,7,
0.500428126,7,
0.572612133,7,
0.441677333,7,
0.486541172,7,
0.507017215,7,
0.545935391,7,
0.425926311,7,
0.518725475,7,
0.450008674,7,
0.477299203,7,
0.472202833,7,
0.420505597,7,
0.49467719,7,
0.536032936,7,
0.440692244,7,
0.457054378,7,
0.457558459,7,
0.548325941,7,
0.516052463,7,
0.529384664,7,
0.526901322,7,
0.509881748,7,
0.423306294,7,
0.481125498,7,
0.477880461,7,
0.525444537,7,
0.504023329,7,
0.47760602,7,
0.491899609,7,
0.490198357,7,
0.514834028,7,
0.505637737,7,
0.475373986,7,
0.507880833,7,
0.449098716,7,
0.458214553,7,
0.565936103,7,
0.475404474,7,
0.460692449,7,
0.492372489,7,
0.492441933,7,
0.524671406,7,
0.477342577,7,
0.521078596,7,
0.504962691,7,
0.537670459,7,
0.568330376,7,
0.482282437,7,
0.563150476,7,
0.5657529,7,
0.497247513,7,
0.553030464,7,
0.451240962,7,
0.50063768,7,
0.444361707,7,
0.508557993,7,
0.56288553,7,
0.45245035,7,
0.572503665,7,
0.570324337,7,
0.576304672,7,
0.487148922,7,
0.531723798,7,
0.436374834,7,
0.438389371,7,
0.51275826,7,
0.728441242,7,
0.693761556,7,
0.621340318,7,
0.6699864,7,
0.692665791,7,
0.720400797,7,
0.622954045,7,
0.74072608,7,
0.719104001,7,
0.684242498,7,
0.717892738,7,
0.675948803,7,
0.773561334,7,
0.716435813,7,
0.648117801,7,
0.726530189,7,
0.742391208,7,
0.632406797,7,
0.706918245,7,
0.70666612,7,
0.64389441,7,
0.731773058,7,
0.679878111,7,
0.625985268,7,
0.634727887,7,
0.69860586,7,
0.679667139,7,
0.753411842,7,
0.71086963,7,
0.732341123,7,
0.624021416,7,
0.644895855,7,
0.656855934,7,
0.738840314,7,
0.774630181,7,
0.757905752,7,
0.739999976,7,
0.664175032,7,
0.686772827,7,
0.692836954,7,
0.745864691,7,
0.75390644,7,
0.723631059,7,
0.635339912,7,
0.718714594,7,
0.725221205,7,
0.631794827,7,
0.675117965,7,
0.76545892,7,
0.665805891,7,
0.664793661,7,
0.650874057,7,
0.697793571,7,
0.679622261,7,
0.773354939,7,
0.771482866,7,
0.770761197,7,
0.757720527,7,
0.632889273,7,
0.704313082,7,
0.720671949,7,
0.64004215,7,
0.744851514,7,
0.742058398,7,
0.697710689,7,
0.761724311,7,
0.761829103,7,
0.704488138,7,
0.748152514,7,
0.656123223,7,
0.651449133,7,
0.753241943,7,
0.725953273,7,
0.754879938,7,
0.642581623,7,
0.727481236,7,
0.736202643,7,
0.65028852,7,
0.702436637,7,
0.65903005,7,
0.640831385,7,
0.703371292,7,
0.626403012,7,
0.693631467,7,
0.674330524,7,
0.718202445,7,
0.650939816,7,
0.697243572,7,
0.731302206,7,
0.685257797,7,
0.625418336,7,
0.641574517,7,
0.761883806,7,
0.690713488,7,
0.656387945,7,
0.701747972,7,
0.773813529,7,
0.684027108,7,
0.684854267,7,
0.650508769,7,
0.869360364,7,
0.913379705,7,
0.863114675,7,
0.850698193,7,
0.889628996,7,
0.843105685,7,
0.891282499,7,
0.892291285,7,
0.892396574,7,
0.860275185,7,
0.830009136,7,
0.882871811,7,
0.861904747,7,
0.979203236,7,
0.889031283,7,
0.849438245,7,
0.893646158,7,
0.874517663,7,
0.905578819,7,
0.93183702,7,
0.934232101,7,
0.973335667,7,
0.823914708,7,
0.968198732,7,
0.862738251,7,
0.944927651,7,
0.841759444,7,
0.955598118,7,
0.893674128,7,
0.869824833,7,
0.902636065,7,
0.853976703,7,
0.943320711,7,
0.843829707,7,
0.916552418,7,
0.902431303,7,
0.952450515,7,
0.909702607,7,
0.952691325,7,
0.936078563,7,
0.967502545,7,
0.946367921,7,
0.835601842,7,
0.967591673,7,
0.944073098,7,
0.978068854,7,
0.836159566,7,
0.959356083,7,
0.903206314,7,
0.927415205,7,
0.951548516,7,
0.936177432,7,
0.908074523,7,
0.894743877,7,
0.873925998,7,
0.896865466,7,
0.974244061,7,
0.972712453,7,
0.972369719,7,
0.824388427,7,
0.899966395,7,
0.835408933,7,
0.967886247,7,
0.822444426,7,
0.94140909,7,
0.926962438,7,
0.85301167,7,
0.914700011,7,
0.889860488,7,
0.834910789,7,
0.938779866,7,
0.934898701,7,
0.883005233,7,
0.850820632,7,
0.861165694,7,
0.930021091,7,
0.872072782,7,
0.833868375,7,
0.944471451,7,
0.862698042,7,
0.934144498,7,
0.894689954,7,
0.913346007,7,
0.853599477,7,
0.820934058,7,
0.89553715,7,
0.91990405,7,
0.851050685,7,
0.945831115,7,
0.936887986,7,
0.82251327,7,
0.903363335,7,
0.96217618,7,
0.886456751,7,
0.979981526,7,
0.915435263,7,
0.91776398,7,
0.931373527,7,
0.83714542,7,
0.934676611,7,
0.175942326,9,
0.136033772,9,
0.089022567,9,
0.118164372,9,
0.176377754,9,
0.026903815,9,
0.129597885,9,
0.176594086,9,
0.165945239,9,
0.109877179,9,
0.073047588,9,
0.170109728,9,
0.169168782,9,
0.095798262,9,
0.06697577,9,
0.06363854,9,
0.047232356,9,
0.124989975,9,
0.146365799,9,
0.095482982,9,
0.143163163,9,
0.075852971,9,
0.113260054,9,
0.149529316,9,
0.058636998,9,
0.050939216,9,
0.038261647,9,
0.096498725,9,
0.060496902,9,
0.135579412,9,
0.065903845,9,
0.151433051,9,
0.061874859,9,
0.084713598,9,
0.065888049,9,
0.03064988,9,
0.134064346,9,
0.056565821,9,
0.044537417,9,
0.037391548,9,
0.042669166,9,
0.131344932,9,
0.158172237,9,
0.090751456,9,
0.060226927,9,
0.15993038,9,
0.06430581,9,
0.137907543,9,
0.155504668,9,
0.171341403,9,
0.096570556,9,
0.075413659,9,
0.09117038,9,
0.05989085,9,
0.038065766,9,
0.125362046,9,
0.125197204,9,
0.026972968,9,
0.042548733,9,
0.149543762,9,
0.106264825,9,
0.160648801,9,
0.102317574,9,
0.1544199,9,
0.063769346,9,
0.142188065,9,
0.080446929,9,
0.095344718,9,
0.060915779,9,
0.114454279,9,
0.089177982,9,
0.096552763,9,
0.082760057,9,
0.048166275,9,
0.02754041,9,
0.100015277,9,
0.068471373,9,
0.115438353,9,
0.179331136,9,
0.147172164,9,
0.021867587,9,
0.096082818,9,
0.112482561,9,
0.153221429,9,
0.033782193,9,
0.043636639,9,
0.127396015,9,
0.113363389,9,
0.146837174,9,
0.027384664,9,
0.033801329,9,
0.111377484,9,
0.070436179,9,
0.025061203,9,
0.161738929,9,
0.100997879,9,
0.148329456,9,
0.070700697,9,
0.179281226,9,
0.139093123,9,
0.255560077,9,
0.311515535,9,
0.274305409,9,
0.237988224,9,
0.227810417,9,
0.306395829,9,
0.311615867,9,
0.324342224,9,
0.340646154,9,
0.369162137,9,
0.348637632,9,
0.346088861,9,
0.282125141,9,
0.360408603,9,
0.295784772,9,
0.338941908,9,
0.321607316,9,
0.288921768,9,
0.378758129,9,
0.262351055,9,
0.330918206,9,
0.359930674,9,
0.273596704,9,
0.360152089,9,
0.245203679,9,
0.247343937,9,
0.370805258,9,
0.273610383,9,
0.284520491,9,
0.285873166,9,
0.271725348,9,
0.29374957,9,
0.307680931,9,
0.244450666,9,
0.230893357,9,
0.321261652,9,
0.27681447,9,
0.22717542,9,
0.343878345,9,
0.328103374,9,
0.310135004,9,
0.345911119,9,
0.299517568,9,
0.276733826,9,
0.313736231,9,
0.2237507,9,
0.34504759,9,
0.298756886,9,
0.257238551,9,
0.359527119,9,
0.317334965,9,
0.25855302,9,
0.279637795,9,
0.370150687,9,
0.261975684,9,
0.273567609,9,
0.252761995,9,
0.319471105,9,
0.346918765,9,
0.271446959,9,
0.272651568,9,
0.328546687,9,
0.220446069,9,
0.229897186,9,
0.253728436,9,
0.338409616,9,
0.264524278,9,
0.326945984,9,
0.303201162,9,
0.235238696,9,
0.367513505,9,
0.312592457,9,
0.262197221,9,
0.341219838,9,
0.281086191,9,
0.292062599,9,
0.31218383,9,
0.299876751,9,
0.323004474,9,
0.373648457,9,
0.313959331,9,
0.337499137,9,
0.345524539,9,
0.271902358,9,
0.360431424,9,
0.332870337,9,
0.300419079,9,
0.270822961,9,
0.292554393,9,
0.33759947,9,
0.225079303,9,
0.370882259,9,
0.33967287,9,
0.311438411,9,
0.36965052,9,
0.283749295,9,
0.220827825,9,
0.272472225,9,
0.32136035,9,
0.221283379,9,
0.578021246,9,
0.574966823,9,
0.510372405,9,
0.505001374,9,
0.483481307,9,
0.487224566,9,
0.423814842,9,
0.572450544,9,
0.529263286,9,
0.45549582,9,
0.47473818,9,
0.518009294,9,
0.433475646,9,
0.530846762,9,
0.495008363,9,
0.484552792,9,
0.490511272,9,
0.57251767,9,
0.426606538,9,
0.573932642,9,
0.514026442,9,
0.460912546,9,
0.522297173,9,
0.460018147,9,
0.553696468,9,
0.510828268,9,
0.542866538,9,
0.451112053,9,
0.520381838,9,
0.565335223,9,
0.450599649,9,
0.450982698,9,
0.530868615,9,
0.436914832,9,
0.529246245,9,
0.484043542,9,
0.427104183,9,
0.522615002,9,
0.504652721,9,
0.560895493,9,
0.523006477,9,
0.429782163,9,
0.533250359,9,
0.480755223,9,
0.437206906,9,
0.490144034,9,
0.571851537,9,
0.490803933,9,
0.43689479,9,
0.487157071,9,
0.4297972,9,
0.495991386,9,
0.484039536,9,
0.463519411,9,
0.554351853,9,
0.442848266,9,
0.490327639,9,
0.421850337,9,
0.526988176,9,
0.575287951,9,
0.511212718,9,
0.446927791,9,
0.545701147,9,
0.479294309,9,
0.507912613,9,
0.52509544,9,
0.462081575,9,
0.468863329,9,
0.550248896,9,
0.563569789,9,
0.490582498,9,
0.556896251,9,
0.572179682,9,
0.467906464,9,
0.492274298,9,
0.457584755,9,
0.474704786,9,
0.494737822,9,
0.53190195,9,
0.440517011,9,
0.53148633,9,
0.51910368,9,
0.571925223,9,
0.438776131,9,
0.525793272,9,
0.516879678,9,
0.510826912,9,
0.545791342,9,
0.448887023,9,
0.515347565,9,
0.562288903,9,
0.475971472,9,
0.531305752,9,
0.48455136,9,
0.560956811,9,
0.45417916,9,
0.530027223,9,
0.449450198,9,
0.561803928,9,
0.567558591,9,
0.7065571,9,
0.683176726,9,
0.734815082,9,
0.720095006,9,
0.627031276,9,
0.665534569,9,
0.719477621,9,
0.778959204,9,
0.686556905,9,
0.692813793,9,
0.760400646,9,
0.644119441,9,
0.778310753,9,
0.768242762,9,
0.692304632,9,
0.674345195,9,
0.772380173,9,
0.721329881,9,
0.77181291,9,
0.717431676,9,
0.760223906,9,
0.705105871,9,
0.686255272,9,
0.778307709,9,
0.636909555,9,
0.689507956,9,
0.635779733,9,
0.680751971,9,
0.663212305,9,
0.657354411,9,
0.742449169,9,
0.665080721,9,
0.760534933,9,
0.650935624,9,
0.681610877,9,
0.665064058,9,
0.676474793,9,
0.621334801,9,
0.700087694,9,
0.743567323,9,
0.698828258,9,
0.72752678,9,
0.669731364,9,
0.709659454,9,
0.732144682,9,
0.771005961,9,
0.664804346,9,
0.769074616,9,
0.626506798,9,
0.754407107,9,
0.62347202,9,
0.72394241,9,
0.672310783,9,
0.727116713,9,
0.692387503,9,
0.622090306,9,
0.621102033,9,
0.740305246,9,
0.708085545,9,
0.776175524,9,
0.661257264,9,
0.715636481,9,
0.772078125,9,
0.728906841,9,
0.620397006,9,
0.680283428,9,
0.662297785,9,
0.631336698,9,
0.716259456,9,
0.659897744,9,
0.716124972,9,
0.665240353,9,
0.649786259,9,
0.747893759,9,
0.623123708,9,
0.745895079,9,
0.706427707,9,
0.759914209,9,
0.62722653,9,
0.72653594,9,
0.75285473,9,
0.722918884,9,
0.640539835,9,
0.682609365,9,
0.753570238,9,
0.649371255,9,
0.637913998,9,
0.664883474,9,
0.693217358,9,
0.739596719,9,
0.764090906,9,
0.679380466,9,
0.689919411,9,
0.735384469,9,
0.746673224,9,
0.625843351,9,
0.640760654,9,
0.640668795,9,
0.748559478,9,
0.649713958,9,
0.850367822,9,
0.831183616,9,
0.96745065,9,
0.974122662,9,
0.975899813,9,
0.910823272,9,
0.965309506,9,
0.869767749,9,
0.846101465,9,
0.931313205,9,
0.968646264,9,
0.911449616,9,
0.86959346,9,
0.935432892,9,
0.960891061,9,
0.832437161,9,
0.84838007,9,
0.962188733,9,
0.839708799,9,
0.849370733,9,
0.867852072,9,
0.975285756,9,
0.94065584,9,
0.918760039,9,
0.892865144,9,
0.897809533,9,
0.869832606,9,
0.969296968,9,
0.825667382,9,
0.947357431,9,
0.944049082,9,
0.869600515,9,
0.932145608,9,
0.97124074,9,
0.904301838,9,
0.969027331,9,
0.950851332,9,
0.881183423,9,
0.966198719,9,
0.882620846,9,
0.906307879,9,
0.949648292,9,
0.925523054,9,
0.906702837,9,
0.902798016,9,
0.888918196,9,
0.860016233,9,
0.93095288,9,
0.82884557,9,
0.869512502,9,
0.961277019,9,
0.885359743,9,
0.9336181,9,
0.912768633,9,
0.979620759,9,
0.873051151,9,
0.91121403,9,
0.838634098,9,
0.917899113,9,
0.832524614,9,
0.927106334,9,
0.839457989,9,
0.841363841,9,
0.933134708,9,
0.881555427,9,
0.828507239,9,
0.829155497,9,
0.860939455,9,
0.83381961,9,
0.836718741,9,
0.873623861,9,
0.881745009,9,
0.832618693,9,
0.919223533,9,
0.866851599,9,
0.861761679,9,
0.974747663,9,
0.914826783,9,
0.872073134,9,
0.973993262,9,
0.925899994,9,
0.838126249,9,
0.947077216,9,
0.905629474,9,
0.894002747,9,
0.908980738,9,
0.844834925,9,
0.865856386,9,
0.869722507,9,
0.969529904,9,
0.967466909,9,
0.946396209,9,
0.881655637,9,
0.954774067,9,
0.958298949,9,
0.87063846,9,
0.932201351,9,
0.972868856,9,
0.933014948,9,
0.871970126,9,
0.159807717,11,
0.067783326,11,
0.059871775,11,
0.147574106,11,
0.175597017,11,
0.154507287,11,
0.052464211,11,
0.162671735,11,
0.161908254,11,
0.128928523,11,
0.08407384,11,
0.02727617,11,
0.04228577,11,
0.101654578,11,
0.167736744,11,
0.175235498,11,
0.053860073,11,
0.064290192,11,
0.064631093,11,
0.101487671,11,
0.060413679,11,
0.168630811,11,
0.099069093,11,
0.162768898,11,
0.031989625,11,
0.069321679,11,
0.156649255,11,
0.168709394,11,
0.133284591,11,
0.070473432,11,
0.077670086,11,
0.113118021,11,
0.135052854,11,
0.074769518,11,
0.073619113,11,
0.116040762,11,
0.13052194,11,
0.05194276,11,
0.065924711,11,
0.138065339,11,
0.052045162,11,
0.084214918,11,
0.174730795,11,
0.099178112,11,
0.056017511,11,
0.06147103,11,
0.088706053,11,
0.066366796,11,
0.093802735,11,
0.177663564,11,
0.087027464,11,
0.056328737,11,
0.114892467,11,
0.051858192,11,
0.148769595,11,
0.035456129,11,
0.139857799,11,
0.095223,11,
0.067972972,11,
0.117783196,11,
0.125060327,11,
0.042859747,11,
0.080327522,11,
0.048362483,11,
0.02615896,11,
0.073321628,11,
0.131315333,11,
0.140109199,11,
0.164720904,11,
0.038948889,11,
0.097487629,11,
0.02098184,11,
0.138136842,11,
0.034820655,11,
0.133535869,11,
0.092715384,11,
0.122392923,11,
0.092666859,11,
0.040352464,11,
0.163190651,11,
0.132728179,11,
0.023774152,11,
0.104229052,11,
0.165507752,11,
0.087120039,11,
0.152075989,11,
0.171933592,11,
0.133360394,11,
0.034225472,11,
0.052526627,11,
0.093235651,11,
0.172311809,11,
0.116285059,11,
0.030049705,11,
0.082258314,11,
0.140450217,11,
0.163681889,11,
0.112460286,11,
0.100340449,11,
0.063119713,11,
0.36701567,11,
0.340775106,11,
0.377395904,11,
0.27611033,11,
0.365456524,11,
0.226919232,11,
0.376116469,11,
0.326970995,11,
0.280108507,11,
0.288305929,11,
0.252073252,11,
0.305021614,11,
0.365480976,11,
0.227585972,11,
0.306416422,11,
0.278204392,11,
0.325091822,11,
0.322178825,11,
0.24798203,11,
0.308821501,11,
0.263020922,11,
0.263551973,11,
0.242401257,11,
0.275856249,11,
0.344682731,11,
0.303248557,11,
0.355661934,11,
0.25378713,11,
0.283880359,11,
0.268375076,11,
0.23718454,11,
0.248160227,11,
0.276577655,11,
0.372505657,11,
0.302320598,11,
0.358019316,11,
0.234727898,11,
0.295285784,11,
0.367221556,11,
0.37986784,11,
0.342185451,11,
0.319473153,11,
0.267701794,11,
0.272096274,11,
0.369273052,11,
0.363676508,11,
0.334800022,11,
0.269073416,11,
0.289151034,11,
0.266967743,11,
0.303507252,11,
0.310692589,11,
0.358201397,11,
0.286248105,11,
0.240011938,11,
0.253389154,11,
0.292953343,11,
0.270731073,11,
0.296839654,11,
0.230648968,11,
0.220774155,11,
0.277632149,11,
0.341836552,11,
0.374029183,11,
0.340125289,11,
0.2696077,11,
0.288698343,11,
0.330419232,11,
0.358584269,11,
0.231630036,11,
0.348715847,11,
0.340427391,11,
0.367683185,11,
0.349506294,11,
0.331712148,11,
0.227306404,11,
0.366387686,11,
0.35750345,11,
0.334451009,11,
0.238381287,11,
0.299215281,11,
0.377392183,11,
0.29219075,11,
0.276967899,11,
0.301880329,11,
0.368165627,11,
0.36597148,11,
0.325864444,11,
0.33071233,11,
0.231680626,11,
0.369777001,11,
0.364281974,11,
0.287909249,11,
0.346495567,11,
0.251043611,11,
0.359939334,11,
0.320208593,11,
0.304472858,11,
0.344012329,11,
0.265271796,11,
0.446721567,11,
0.576354848,11,
0.527260582,11,
0.565374087,11,
0.436067649,11,
0.540062574,11,
0.523434281,11,
0.546591157,11,
0.444266009,11,
0.469775522,11,
0.424200497,11,
0.463238046,11,
0.434865047,11,
0.446894992,11,
0.520791175,11,
0.501642067,11,
0.57930706,11,
0.503908613,11,
0.507295214,11,
0.449870904,11,
0.420435338,11,
0.573861369,11,
0.436765984,11,
0.57386093,11,
0.430561396,11,
0.501961706,11,
0.478461684,11,
0.558291125,11,
0.47220205,11,
0.42556993,11,
0.449715973,11,
0.442223938,11,
0.515477352,11,
0.434789141,11,
0.450900964,11,
0.468177827,11,
0.488948582,11,
0.44334254,11,
0.460210821,11,
0.505810244,11,
0.515298758,11,
0.521450191,11,
0.462989023,11,
0.456842733,11,
0.439991401,11,
0.480871311,11,
0.422871915,11,
0.560948284,11,
0.503524772,11,
0.529370772,11,
0.452487361,11,
0.46874374,11,
0.496838538,11,
0.562870012,11,
0.514628569,11,
0.488680703,11,
0.54942488,11,
0.566218256,11,
0.443890823,11,
0.444157673,11,
0.536046161,11,
0.498864327,11,
0.463218607,11,
0.516718774,11,
0.427506576,11,
0.508136213,11,
0.4951431,11,
0.549422898,11,
0.547591775,11,
0.504593676,11,
0.450082701,11,
0.452776437,11,
0.438750554,11,
0.541774492,11,
0.547957885,11,
0.537122812,11,
0.548088898,11,
0.53637285,11,
0.486184407,11,
0.486436154,11,
0.428438084,11,
0.498020421,11,
0.542949123,11,
0.562837158,11,
0.459232265,11,
0.446801076,11,
0.517451523,11,
0.515969724,11,
0.489769345,11,
0.424639081,11,
0.456981228,11,
0.501401949,11,
0.424316003,11,
0.534749797,11,
0.574434656,11,
0.558756101,11,
0.503049174,11,
0.476812567,11,
0.495274105,11,
0.424950668,11,
0.723760436,11,
0.740140494,11,
0.716212168,11,
0.698427388,11,
0.651976055,11,
0.644563598,11,
0.682662706,11,
0.672964102,11,
0.648423486,11,
0.647508854,11,
0.734263936,11,
0.739084781,11,
0.684293339,11,
0.664019554,11,
0.726746474,11,
0.661704819,11,
0.637600398,11,
0.643235137,11,
0.654839355,11,
0.74641477,11,
0.710709715,11,
0.669294606,11,
0.769874281,11,
0.736765013,11,
0.641229289,11,
0.771414457,11,
0.713396824,11,
0.62531039,11,
0.639055828,11,
0.737636481,11,
0.750539328,11,
0.654205337,11,
0.677343277,11,
0.763199098,11,
0.732861574,11,
0.694270278,11,
0.707527547,11,
0.708656867,11,
0.667297522,11,
0.626225284,11,
0.75636319,11,
0.724907146,11,
0.681988436,11,
0.664423524,11,
0.707547887,11,
0.71368701,11,
0.740267747,11,
0.672767463,11,
0.721849141,11,
0.733008725,11,
0.649570436,11,
0.680819035,11,
0.672390198,11,
0.76857549,11,
0.772236244,11,
0.659875241,11,
0.700066197,11,
0.71663448,11,
0.716014378,11,
0.755065209,11,
0.768347383,11,
0.664296259,11,
0.715829725,11,
0.756726456,11,
0.666418717,11,
0.650209569,11,
0.657483268,11,
0.714108322,11,
0.699509371,11,
0.695196817,11,
0.670448933,11,
0.632698924,11,
0.675855238,11,
0.706400654,11,
0.67710326,11,
0.648804066,11,
0.712228886,11,
0.724886335,11,
0.651625902,11,
0.688488631,11,
0.758781965,11,
0.778563795,11,
0.701971729,11,
0.692918148,11,
0.641676155,11,
0.762163247,11,
0.71193322,11,
0.72981945,11,
0.650747693,11,
0.701787723,11,
0.76203783,11,
0.648917896,11,
0.690332974,11,
0.676991024,11,
0.742358908,11,
0.635119643,11,
0.669529798,11,
0.715774079,11,
0.692553994,11,
0.739932159,11,
0.838500432,11,
0.97252497,11,
0.968418145,11,
0.955225848,11,
0.939935189,11,
0.953147484,11,
0.862319439,11,
0.956454587,11,
0.902630968,11,
0.975933522,11,
0.829928138,11,
0.977260825,11,
0.863867402,11,
0.927621575,11,
0.856713425,11,
0.840307794,11,
0.971599127,11,
0.927814949,11,
0.829036999,11,
0.855900799,11,
0.925988635,11,
0.901174053,11,
0.962980208,11,
0.935668325,11,
0.939159651,11,
0.865962778,11,
0.917828029,11,
0.944550141,11,
0.898683753,11,
0.892953665,11,
0.925270466,11,
0.91112206,11,
0.905417328,11,
0.935865018,11,
0.908997246,11,
0.958246376,11,
0.925513533,11,
0.866229707,11,
0.92781644,11,
0.826139911,11,
0.902529968,11,
0.952018668,11,
0.928795089,11,
0.973813182,11,
0.898766881,11,
0.95020807,11,
0.912233179,11,
0.972277853,11,
0.883436294,11,
0.928111721,11,
0.942229739,11,
0.852131538,11,
0.875706798,11,
0.958198965,11,
0.831796024,11,
0.881608483,11,
0.842669369,11,
0.836912705,11,
0.926568008,11,
0.930810848,11,
0.860757241,11,
0.87659987,11,
0.901579689,11,
0.896710831,11,
0.831368314,11,
0.861334306,11,
0.910416135,11,
0.912706991,11,
0.86350111,11,
0.842168079,11,
0.910848734,11,
0.949010352,11,
0.829281594,11,
0.856639469,11,
0.901060451,11,
0.89749489,11,
0.967566933,11,
0.823730849,11,
0.972363758,11,
0.871801167,11,
0.85977704,11,
0.871982421,11,
0.889803194,11,
0.85746066,11,
0.889324976,11,
0.922486563,11,
0.860037077,11,
0.918287904,11,
0.848614717,11,
0.97287241,11,
0.946757575,11,
0.827028136,11,
0.93844441,11,
0.891956295,11,
0.824275018,11,
0.842623382,11,
0.827705559,11,
0.868963816,11,
0.828632659,11,
0.874531884,11,
0.050684345,13,
0.073863301,13,
0.158211374,13,
0.170810213,13,
0.129607114,13,
0.096068277,13,
0.166484899,13,
0.099539277,13,
0.178964004,13,
0.05994362,13,
0.049679612,13,
0.155297891,13,
0.088972877,13,
0.098300313,13,
0.129259918,13,
0.104467684,13,
0.063287551,13,
0.165722483,13,
0.172366057,13,
0.091084567,13,
0.055646731,13,
0.093938415,13,
0.088085792,13,
0.071842621,13,
0.07574806,13,
0.117822092,13,
0.159464362,13,
0.077670115,13,
0.116230738,13,
0.175058762,13,
0.043548311,13,
0.092574315,13,
0.135491353,13,
0.16830275,13,
0.155821509,13,
0.076499288,13,
0.17488916,13,
0.087051755,13,
0.058643795,13,
0.059124753,13,
0.068374613,13,
0.055775191,13,
0.153783973,13,
0.139771899,13,
0.051025084,13,
0.105699173,13,
0.028824285,13,
0.039195546,13,
0.068739949,13,
0.14835821,13,
0.067003501,13,
0.158038382,13,
0.135629697,13,
0.143812917,13,
0.13281573,13,
0.055015901,13,
0.045982146,13,
0.168761673,13,
0.097319743,13,
0.117868401,13,
0.17878296,13,
0.158997658,13,
0.166163677,13,
0.145644147,13,
0.161886605,13,
0.063658958,13,
0.062676037,13,
0.126707332,13,
0.063845841,13,
0.105977399,13,
0.055760782,13,
0.133002416,13,
0.138567697,13,
0.158353984,13,
0.095214842,13,
0.091058535,13,
0.172365269,13,
0.066358164,13,
0.118172341,13,
0.146736021,13,
0.045227055,13,
0.122735513,13,
0.175767639,13,
0.131309827,13,
0.020748538,13,
0.034263377,13,
0.138410261,13,
0.161138804,13,
0.135996105,13,
0.099446393,13,
0.115884494,13,
0.089395882,13,
0.047438997,13,
0.025174194,13,
0.068023859,13,
0.175988216,13,
0.021902507,13,
0.115088549,13,
0.063820885,13,
0.164211376,13,
0.233304469,13,
0.372787631,13,
0.291749158,13,
0.255007283,13,
0.317379743,13,
0.226782393,13,
0.302970377,13,
0.267092798,13,
0.271768516,13,
0.310125117,13,
0.23174033,13,
0.340627204,13,
0.272611593,13,
0.281374184,13,
0.355003048,13,
0.267556672,13,
0.299858354,13,
0.343472718,13,
0.264200855,13,
0.251600573,13,
0.317125203,13,
0.302756288,13,
0.347836453,13,
0.280307853,13,
0.234829802,13,
0.316475386,13,
0.342041863,13,
0.306702532,13,
0.271151508,13,
0.31263601,13,
0.305798705,13,
0.229754496,13,
0.348474578,13,
0.301640189,13,
0.262912159,13,
0.293534445,13,
0.29265443,13,
0.239318792,13,
0.320160516,13,
0.3328042,13,
0.305089421,13,
0.286162252,13,
0.256681202,13,
0.252518979,13,
0.369237424,13,
0.265687779,13,
0.286901967,13,
0.376591304,13,
0.374086677,13,
0.316268464,13,
0.311435154,13,
0.372102734,13,
0.225374769,13,
0.250343033,13,
0.334986658,13,
0.321521209,13,
0.29338563,13,
0.231471676,13,
0.372996044,13,
0.34520752,13,
0.368951979,13,
0.245564933,13,
0.320792839,13,
0.238764821,13,
0.287178452,13,
0.318626906,13,
0.226242658,13,
0.274167615,13,
0.319772314,13,
0.295272559,13,
0.277543402,13,
0.358215914,13,
0.379449765,13,
0.377040493,13,
0.343230698,13,
0.286581555,13,
0.220073447,13,
0.228894745,13,
0.317160164,13,
0.294900808,13,
0.368230685,13,
0.337806866,13,
0.245067295,13,
0.262735986,13,
0.247152669,13,
0.351726354,13,
0.227601508,13,
0.314901082,13,
0.22817086,13,
0.349004718,13,
0.235189979,13,
0.302101496,13,
0.245478208,13,
0.326960428,13,
0.235494714,13,
0.291264015,13,
0.309343329,13,
0.318829259,13,
0.238141344,13,
0.327306495,13,
0.457895337,13,
0.446244897,13,
0.491898398,13,
0.486287029,13,
0.454308709,13,
0.558508764,13,
0.453061184,13,
0.455974938,13,
0.534801638,13,
0.502860946,13,
0.551328898,13,
0.576673583,13,
0.529172638,13,
0.569870351,13,
0.526394635,13,
0.499593019,13,
0.527930286,13,
0.557904661,13,
0.537158014,13,
0.469579701,13,
0.422576906,13,
0.451882469,13,
0.429250075,13,
0.53459044,13,
0.460150499,13,
0.453722887,13,
0.579923426,13,
0.46744389,13,
0.501219751,13,
0.48118815,13,
0.493165528,13,
0.477184698,13,
0.525882811,13,
0.543401716,13,
0.564728579,13,
0.421119346,13,
0.479447947,13,
0.425396758,13,
0.527707825,13,
0.454220873,13,
0.421344524,13,
0.475281335,13,
0.527287283,13,
0.575541851,13,
0.556418451,13,
0.452654994,13,
0.515891155,13,
0.515726172,13,
0.427011677,13,
0.554556501,13,
0.564604491,13,
0.433869282,13,
0.441892073,13,
0.443482353,13,
0.449027884,13,
0.462068444,13,
0.480122228,13,
0.517070237,13,
0.558502905,13,
0.449792508,13,
0.441501594,13,
0.52091074,13,
0.497827613,13,
0.519733932,13,
0.554123971,13,
0.441705911,13,
0.519592669,13,
0.511687993,13,
0.506512166,13,
0.504242654,13,
0.441429987,13,
0.449982582,13,
0.531851832,13,
0.57335125,13,
0.434357848,13,
0.425311874,13,
0.572360243,13,
0.469861487,13,
0.482449751,13,
0.443322207,13,
0.54143153,13,
0.525632213,13,
0.480442897,13,
0.508559968,13,
0.506233845,13,
0.462376444,13,
0.458073342,13,
0.467301739,13,
0.543049897,13,
0.535838782,13,
0.471627743,13,
0.420610691,13,
0.555178795,13,
0.45378769,13,
0.455755687,13,
0.438527164,13,
0.453562125,13,
0.513807508,13,
0.529390563,13,
0.56980108,13,
0.631532088,13,
0.652293887,13,
0.728360426,13,
0.636439446,13,
0.753733431,13,
0.698088921,13,
0.716912882,13,
0.726318255,13,
0.713533444,13,
0.743927867,13,
0.657508024,13,
0.687014635,13,
0.626034299,13,
0.773690508,13,
0.679896349,13,
0.649387505,13,
0.766678146,13,
0.776960681,13,
0.764868741,13,
0.720291138,13,
0.756738402,13,
0.621316352,13,
0.707132621,13,
0.62550827,13,
0.627806024,13,
0.728618279,13,
0.68962677,13,
0.720176607,13,
0.752183623,13,
0.730746451,13,
0.625597789,13,
0.7562982,13,
0.76156297,13,
0.768598324,13,
0.687601507,13,
0.759351761,13,
0.768318888,13,
0.708520373,13,
0.749426117,13,
0.710201983,13,
0.750528637,13,
0.69992705,13,
0.638773957,13,
0.662171854,13,
0.68609266,13,
0.721372217,13,
0.686314859,13,
0.645381993,13,
0.645755127,13,
0.634366761,13,
0.650390826,13,
0.667440228,13,
0.733101586,13,
0.623640751,13,
0.683559069,13,
0.635728466,13,
0.668729643,13,
0.651484146,13,
0.734827989,13,
0.70251058,13,
0.665134638,13,
0.778751795,13,
0.72943895,13,
0.756373793,13,
0.771441739,13,
0.641208522,13,
0.672697409,13,
0.681134619,13,
0.635774746,13,
0.718933234,13,
0.74575316,13,
0.684415673,13,
0.779511602,13,
0.727772816,13,
0.663572675,13,
0.727509144,13,
0.626663812,13,
0.636039842,13,
0.730050419,13,
0.722079469,13,
0.706780829,13,
0.760347809,13,
0.755415817,13,
0.694756123,13,
0.719738663,13,
0.681456827,13,
0.67370563,13,
0.64994751,13,
0.764092668,13,
0.630925864,13,
0.763548067,13,
0.645667423,13,
0.763513988,13,
0.693265424,13,
0.655948455,13,
0.643801483,13,
0.627582682,13,
0.724263106,13,
0.719084512,13,
0.727854773,13,
0.917314777,13,
0.919509606,13,
0.851934135,13,
0.954613372,13,
0.821767868,13,
0.881475706,13,
0.934074229,13,
0.831277429,13,
0.934377133,13,
0.875953413,13,
0.820948374,13,
0.901059023,13,
0.969020024,13,
0.908830678,13,
0.867753113,13,
0.899559017,13,
0.93806637,13,
0.887458959,13,
0.911334309,13,
0.951854707,13,
0.943679974,13,
0.920766652,13,
0.878301555,13,
0.834903911,13,
0.868409157,13,
0.85311946,13,
0.853852152,13,
0.82070733,13,
0.838098529,13,
0.960117746,13,
0.962885131,13,
0.916292191,13,
0.916981357,13,
0.915088013,13,
0.838350064,13,
0.945380357,13,
0.848697851,13,
0.900202346,13,
0.946286623,13,
0.951765092,13,
0.848267904,13,
0.95277541,13,
0.977101925,13,
0.943807926,13,
0.918556731,13,
0.977024152,13,
0.845990097,13,
0.904358876,13,
0.908215211,13,
0.83289617,13,
0.912585996,13,
0.850403259,13,
0.947813237,13,
0.837274753,13,
0.880364207,13,
0.910561692,13,
0.906614729,13,
0.952145939,13,
0.97018791,13,
0.970684495,13,
0.96234497,13,
0.904168225,13,
0.909947769,13,
0.857268993,13,
0.920770746,13,
0.857396424,13,
0.92799399,13,
0.85353078,13,
0.872858468,13,
0.957298921,13,
0.962857341,13,
0.891583832,13,
0.924036217,13,
0.886098864,13,
0.930627293,13,
0.910085534,13,
0.872116164,13,
0.918075422,13,
0.908271854,13,
0.959455581,13,
0.83361075,13,
0.929433966,13,
0.95114344,13,
0.895076667,13,
0.907683561,13,
0.955341114,13,
0.874900336,13,
0.917057243,13,
0.93012041,13,
0.896586163,13,
0.937252974,13,
0.821978419,13,
0.940154261,13,
0.964958079,13,
0.901604116,13,
0.870662438,13,
0.881890639,13,
0.882569567,13,
0.846216208,13,
0.857761584,13,
0.088670619,15,
0.020222596,15,
0.030493661,15,
0.031933056,15,
0.049266739,15,
0.050981254,15,
0.051036223,15,
0.051737992,15,
0.060053713,15,
0.062537337,15,
0.063816757,15,
0.067342607,15,
0.077322671,15,
0.084883891,15,
0.101281924,15,
0.106591733,15,
0.127972925,15,
0.132112085,15,
0.15746734,15,
0.160476064,15,
0.166201741,15,
0.167252303,15,
0.174090942,15,
0.178677921,15,
0.179454419,15,
0.099829442,15,
0.056926155,15,
0.076376891,15,
0.022114917,15,
0.137713364,15,
0.175564289,15,
0.023130616,15,
0.114615317,15,
0.024367701,15,
0.110894414,15,
0.153657104,15,
0.038144619,15,
0.132840233,15,
0.143499346,15,
0.120876677,15,
0.145140637,15,
0.06027957,15,
0.172648437,15,
0.084894718,15,
0.139417228,15,
0.107390152,15,
0.077269237,15,
0.138628136,15,
0.039877087,15,
0.131756221,15,
0.095384174,15,
0.160847256,15,
0.059362718,15,
0.100319056,15,
0.133276496,15,
0.116031397,15,
0.053268732,15,
0.045340517,15,
0.179389715,15,
0.033605015,15,
0.115080155,15,
0.178752051,15,
0.155350718,15,
0.100109733,15,
0.03168628,15,
0.127807668,15,
0.144174003,15,
0.043005267,15,
0.112701591,15,
0.029785188,15,
0.066499053,15,
0.176988533,15,
0.043057206,15,
0.123653718,15,
0.13384287,15,
0.14037184,15,
0.154589045,15,
0.13570056,15,
0.098580601,15,
0.11767067,15,
0.021329295,15,
0.155404919,15,
0.083256789,15,
0.156290105,15,
0.100791936,15,
0.157453515,15,
0.05103586,15,
0.120320873,15,
0.029315309,15,
0.058449449,15,
0.023686739,15,
0.059354225,15,
0.027751659,15,
0.036004656,15,
0.10339679,15,
0.114969894,15,
0.171753401,15,
0.108641441,15,
0.138561393,15,
0.173369617,15,
0.228554944,15,
0.230073189,15,
0.231082933,15,
0.257052302,15,
0.269273242,15,
0.270866045,15,
0.284833361,15,
0.293106488,15,
0.295255791,15,
0.304206484,15,
0.317484538,15,
0.320276655,15,
0.331481852,15,
0.332044444,15,
0.338676557,15,
0.346384295,15,
0.349758017,15,
0.353391108,15,
0.353643112,15,
0.354708005,15,
0.363236055,15,
0.373818817,15,
0.375089569,15,
0.231205412,15,
0.37461653,15,
0.226609285,15,
0.345070477,15,
0.3048373,15,
0.2754501,15,
0.263733642,15,
0.28228131,15,
0.290707385,15,
0.36234536,15,
0.260997303,15,
0.269566585,15,
0.231997166,15,
0.290970507,15,
0.314540303,15,
0.295359923,15,
0.272482708,15,
0.379970036,15,
0.309386804,15,
0.282158333,15,
0.324313307,15,
0.368177517,15,
0.330578675,15,
0.299757328,15,
0.305563854,15,
0.223392796,15,
0.323581639,15,
0.370886223,15,
0.235631029,15,
0.326379953,15,
0.278181944,15,
0.345828348,15,
0.272699121,15,
0.23670822,15,
0.370360674,15,
0.305326171,15,
0.246374801,15,
0.276927851,15,
0.223064723,15,
0.3259323,15,
0.374876373,15,
0.276583826,15,
0.283306884,15,
0.305570124,15,
0.289752146,15,
0.375496668,15,
0.307413608,15,
0.277492836,15,
0.302568155,15,
0.378889021,15,
0.246550761,15,
0.338374758,15,
0.344419446,15,
0.29142839,15,
0.233302265,15,
0.247939875,15,
0.274495933,15,
0.275623455,15,
0.332463793,15,
0.256855974,15,
0.366488909,15,
0.223844496,15,
0.373874142,15,
0.245013296,15,
0.266148074,15,
0.24292087,15,
0.326734376,15,
0.269444501,15,
0.224988079,15,
0.324298236,15,
0.244703823,15,
0.246770512,15,
0.278906248,15,
0.236129804,15,
0.368918349,15,
0.28524627,15,
0.379151506,15,
0.421529348,15,
0.422969415,15,
0.424540951,15,
0.432843778,15,
0.437100966,15,
0.438521222,15,
0.445831258,15,
0.4504149,15,
0.453212772,15,
0.453524748,15,
0.457183718,15,
0.461573083,15,
0.476173345,15,
0.476677763,15,
0.483974425,15,
0.488026189,15,
0.49089933,15,
0.49266156,15,
0.498655984,15,
0.502922839,15,
0.506801569,15,
0.512214729,15,
0.512734894,15,
0.519139677,15,
0.527392493,15,
0.528558115,15,
0.545094438,15,
0.549482837,15,
0.556469775,15,
0.560697169,15,
0.565877346,15,
0.566057069,15,
0.568050058,15,
0.570779306,15,
0.578991984,15,
0.579175814,15,
0.50912752,15,
0.479678603,15,
0.509363177,15,
0.511737326,15,
0.499231492,15,
0.567188886,15,
0.466058656,15,
0.524565255,15,
0.5284632,15,
0.421909923,15,
0.5156618,15,
0.521341761,15,
0.434101532,15,
0.437981441,15,
0.569090209,15,
0.544906438,15,
0.520077707,15,
0.485040748,15,
0.541560025,15,
0.43851715,15,
0.571869146,15,
0.528861551,15,
0.462529865,15,
0.512566021,15,
0.539401079,15,
0.526303046,15,
0.436519356,15,
0.487949902,15,
0.454307765,15,
0.543306698,15,
0.573431889,15,
0.573424904,15,
0.55405242,15,
0.507716163,15,
0.540250183,15,
0.460392043,15,
0.563274339,15,
0.446779589,15,
0.450252698,15,
0.566375818,15,
0.539381194,15,
0.425393555,15,
0.500187697,15,
0.437506606,15,
0.544406207,15,
0.483172637,15,
0.5458625,15,
0.562248772,15,
0.534026759,15,
0.440542485,15,
0.493247062,15,
0.496667099,15,
0.538503465,15,
0.517937771,15,
0.505460926,15,
0.488792416,15,
0.48871244,15,
0.488474303,15,
0.465912781,15,
0.460583259,15,
0.434652836,15,
0.422364833,15,
0.504324211,15,
0.430483091,15,
0.628239382,15,
0.632350405,15,
0.640463076,15,
0.643456699,15,
0.650313445,15,
0.654673539,15,
0.661396292,15,
0.684570047,15,
0.685790272,15,
0.687062299,15,
0.693690723,15,
0.700016129,15,
0.700427796,15,
0.709689075,15,
0.709823574,15,
0.709878424,15,
0.722117434,15,
0.725591044,15,
0.748068026,15,
0.765084999,15,
0.7653369,15,
0.766287875,15,
0.767863354,15,
0.773833319,15,
0.75261909,15,
0.754322568,15,
0.639434843,15,
0.644813029,15,
0.66817884,15,
0.76736058,15,
0.779799616,15,
0.64145519,15,
0.681054102,15,
0.670717214,15,
0.708333539,15,
0.759098552,15,
0.691733132,15,
0.666432577,15,
0.739790244,15,
0.691150805,15,
0.723059222,15,
0.759697702,15,
0.749437792,15,
0.719451442,15,
0.668116676,15,
0.736397617,15,
0.707016035,15,
0.640083929,15,
0.64228458,15,
0.778141027,15,
0.717611305,15,
0.65542905,15,
0.740256105,15,
0.652295234,15,
0.765494022,15,
0.62087239,15,
0.665235077,15,
0.727167274,15,
0.64151474,15,
0.638745561,15,
0.735107861,15,
0.63123545,15,
0.770168625,15,
0.745066147,15,
0.68465014,15,
0.731295341,15,
0.69162753,15,
0.651398234,15,
0.725498533,15,
0.695662772,15,
0.653072622,15,
0.778449052,15,
0.771628814,15,
0.701521182,15,
0.659444487,15,
0.777386709,15,
0.691389726,15,
0.621181305,15,
0.675843774,15,
0.717937138,15,
0.768724166,15,
0.772860035,15,
0.627203972,15,
0.697984454,15,
0.769636441,15,
0.729913558,15,
0.736460628,15,
0.698852806,15,
0.704748158,15,
0.685035225,15,
0.746041182,15,
0.717649163,15,
0.752580733,15,
0.714778924,15,
0.627162762,15,
0.656289783,15,
0.729267517,15,
0.76094973,15,
0.627945825,15,
0.70126434,15,
0.822816061,15,
0.827413841,15,
0.829739488,15,
0.830611684,15,
0.832207115,15,
0.856649299,15,
0.863549515,15,
0.864949922,15,
0.879896462,15,
0.883375581,15,
0.91600922,15,
0.916530984,15,
0.917108313,15,
0.924312425,15,
0.925787695,15,
0.927002513,15,
0.951312449,15,
0.954749018,15,
0.966642469,15,
0.967404814,15,
0.970895323,15,
0.973558523,15,
0.975238392,15,
0.96464864,15,
0.87368026,15,
0.918338862,15,
0.907314304,15,
0.94232644,15,
0.928535862,15,
0.95937483,15,
0.827681489,15,
0.85512864,15,
0.948558054,15,
0.959564677,15,
0.820146839,15,
0.928292535,15,
0.863065613,15,
0.906597738,15,
0.853095097,15,
0.839574994,15,
0.914454764,15,
0.934778354,15,
0.858846598,15,
0.97595593,15,
0.86323332,15,
0.884736643,15,
0.896454725,15,
0.948249429,15,
0.883592999,15,
0.9715329,15,
0.857517095,15,
0.908548761,15,
0.975421572,15,
0.920883112,15,
0.863025692,15,
0.881679505,15,
0.972542088,15,
0.842428927,15,
0.942421261,15,
0.83005447,15,
0.896900687,15,
0.943527516,15,
0.831551488,15,
0.869029695,15,
0.861711952,15,
0.939497406,15,
0.965118925,15,
0.968226202,15,
0.976925669,15,
0.861648959,15,
0.936465222,15,
0.858517467,15,
0.891620311,15,
0.820076564,15,
0.951281466,15,
0.824624766,15,
0.945564353,15,
0.968899775,15,
0.975790174,15,
0.827742908,15,
0.870645776,15,
0.95242114,15,
0.957516547,15,
0.852421907,15,
0.821410002,15,
0.826680744,15,
0.841493524,15,
0.856902704,15,
0.877236959,15,
0.878280196,15,
0.881159436,15,
0.886831351,15,
0.909290318,15,
0.92739828,15,
0.930291373,15,
0.94713104,15,
0.963117961,15,
0.964358277,15,
0.966903577,15,
0.97870492,15,
